Datum;Eroeffnung;Hoch;Tief;Schluss;Volumen
  02.01.2015;17.823,07;17.951,78;17.731,30;17.832,99;76.273.096
  05.01.2015;17.821,30;17.821,30;17.475,93;17.501,65;116.161.258
  06.01.2015;17.504,18;17.581,05;17.262,37;17.371,64;101.870.484
  07.01.2015;17.374,78;17.597,08;17.374,78;17.584,52;91.026.606
  08.01.2015;17.591,97;17.916,04;17.591,97;17.907,87;114.888.423
  09.01.2015;17.911,02;17.915,32;17.686,09;17.737,37;93.391.882
  12.01.2015;17.742,05;17.793,88;17.571,58;17.640,84;92.497.981
  13.01.2015;17.645,02;17.923,01;17.498,23;17.613,68;99.355.008
  14.01.2015;17.609,06;17.609,06;17.264,90;17.427,09;109.180.530
  15.01.2015;17.436,30;17.517,41;17.298,04;17.320,71;94.515.451
  16.01.2015;17.320,00;17.528,37;17.243,55;17.511,57;140.475.944
  20.01.2015;17.516,96;17.588,70;17.346,73;17.515,23;119.604.468
  21.01.2015;17.509,96;17.599,58;17.396,04;17.554,28;95.530.961
  22.01.2015;17.557,29;17.840,89;17.482,54;17.813,98;111.976.264
  23.01.2015;17.812,50;17.812,50;17.667,53;17.672,60;97.113.735
  26.01.2015;17.668,11;17.696,36;17.567,60;17.678,70;87.221.764
  27.01.2015;17.638,53;17.638,53;17.288,31;17.387,21;135.937.796
  28.01.2015;17.402,91;17.484,41;17.189,00;17.191,37;115.982.628
  29.01.2015;17.195,29;17.433,13;17.136,30;17.416,85;111.691.735
  30.01.2015;17.416,85;17.419,90;17.156,82;17.164,95;168.557.036
  02.02.2015;17.169,99;17.367,68;17.037,76;17.361,04;108.085.517
  03.02.2015;17.369,97;17.670,76;17.369,97;17.666,40;112.860.131
  04.02.2015;17.664,99;17.782,22;17.603,21;17.673,02;102.555.242
  05.02.2015;17.677,26;17.889,58;17.677,26;17.884,88;79.893.893
  06.02.2015;17.881,54;17.951,09;17.764,40;17.824,29;93.610.013
  09.02.2015;17.821,49;17.821,49;17.685,32;17.729,21;81.586.325
  10.02.2015;17.736,15;17.890,34;17.729,24;17.868,76;89.933.039
  11.02.2015;17.867,86;17.897,21;17.759,65;17.862,14;89.894.419
  12.02.2015;17.862,14;17.975,65;17.862,14;17.972,38;117.155.797
  13.02.2015;17.968,65;18.037,41;17.961,76;18.019,35;85.231.610
  17.02.2015;18.019,80;18.052,01;17.951,41;18.047,58;98.760.925
  18.02.2015;18.045,72;18.048,70;17.982,20;18.029,85;75.086.561
  19.02.2015;18.028,67;18.028,67;17.924,60;17.985,77;79.131.365
  20.02.2015;17.985,77;18.144,29;17.878,37;18.140,44;111.386.366
  23.02.2015;18.140,76;18.141,21;18.054,84;18.116,84;83.669.502
  24.02.2015;18.112,57;18.231,09;18.098,73;18.209,19;79.312.890
  25.02.2015;18.208,67;18.244,38;18.182,76;18.224,57;80.483.121
  26.02.2015;18.224,41;18.239,43;18.157,07;18.214,42;81.500.575
  27.02.2015;18.213,26;18.213,26;18.132,38;18.132,70;101.113.284
  02.03.2015;18.134,05;18.288,63;18.122,59;18.288,63;89.794.101
  03.03.2015;18.281,95;18.281,95;18.136,88;18.203,37;83.832.766
  04.03.2015;18.203,37;18.203,37;18.029,50;18.096,90;80.903.784
  05.03.2015;18.096,90;18.160,35;18.087,65;18.135,72;75.841.135
  06.03.2015;18.135,72;18.135,72;17.825,15;17.856,78;113.353.084
  09.03.2015;17.856,56;18.031,04;17.856,56;17.995,72;85.824.770
  10.03.2015;17.989,56;17.989,56;17.662,94;17.662,94;120.445.454
  11.03.2015;17.662,94;17.731,78;17.627,00;17.635,39;102.121.893
  12.03.2015;17.626,84;17.900,10;17.620,49;17.895,22;111.551.998
  13.03.2015;17.889,05;17.889,05;17.629,89;17.749,31;113.628.770
  16.03.2015;17.751,24;17.988,50;17.751,24;17.977,42;101.762.339
  17.03.2015;17.972,22;17.972,22;17.785,79;17.849,08;82.560.562
  18.03.2015;17.846,80;18.097,12;17.697,52;18.076,19;130.948.396
  19.03.2015;18.072,58;18.072,99;17.934,24;17.959,03;107.824.496
  20.03.2015;17.961,13;18.197,29;17.961,13;18.127,65;334.245.155
  23.03.2015;18.136,73;18.205,93;18.116,04;18.116,04;98.029.168
  24.03.2015;18.110,87;18.149,24;18.010,44;18.011,14;87.194.431
  25.03.2015;18.012,61;18.041,97;17.718,54;17.718,54;106.593.805
  26.03.2015;17.716,27;17.759,51;17.579,27;17.678,23;117.742.017
  27.03.2015;17.673,63;17.729,14;17.630,49;17.712,66;103.221.502
  30.03.2015;17.727,48;18.008,64;17.727,48;17.976,31;104.038.691
  31.03.2015;17.965,37;17.965,37;17.773,02;17.776,12;119.467.764
  01.04.2015;17.778,52;17.778,52;17.585,01;17.698,18;103.363.835
  02.04.2015;17.699,52;17.815,03;17.673,49;17.763,24;87.371.989
  06.04.2015;17.755,50;17.941,79;17.646,80;17.880,85;100.847.517
  07.04.2015;17.884,32;17.983,12;17.871,21;17.875,42;72.145.067
  08.04.2015;17.877,62;17.976,20;17.822,23;17.902,51;76.821.076
  09.04.2015;17.897,70;17.984,22;17.823,10;17.958,73;86.735.620
  10.04.2015;17.956,73;18.066,76;17.945,55;18.057,65;116.409.885
  13.04.2015;18.052,32;18.107,57;17.974,81;17.977,04;120.086.996
  14.04.2015;17.979,11;18.075,60;17.905,48;18.036,70;82.827.538
  15.04.2015;18.045,71;18.160,52;18.045,71;18.112,61;113.613.947
  16.04.2015;18.106,27;18.169,26;18.063,86;18.105,77;89.515.996
  17.04.2015;18.102,56;18.102,56;17.748,53;17.826,30;138.864.067
  20.04.2015;17.841,18;18.092,22;17.841,18;18.034,93;103.163.433
  21.04.2015;18.034,23;18.109,70;17.929,63;17.949,59;95.175.621
  22.04.2015;17.950,82;18.056,02;17.887,76;18.038,27;91.256.311
  23.04.2015;18.031,90;18.133,03;17.966,77;18.058,69;100.244.859
  24.04.2015;18.056,42;18.108,87;18.009,08;18.080,14;119.130.755
  27.04.2015;18.097,89;18.175,56;18.024,66;18.037,97;121.110.419
  28.04.2015;18.035,90;18.119,65;17.917,36;18.110,14;124.930.994
  29.04.2015;18.093,69;18.096,46;17.953,69;18.035,53;102.076.849
  30.04.2015;18.033,33;18.033,33;17.774,89;17.840,52;129.211.446
  01.05.2015;17.859,27;18.028,89;17.859,27;18.024,06;91.702.042
  04.05.2015;18.026,02;18.133,76;18.026,02;18.070,40;86.013.132
  05.05.2015;18.062,53;18.086,01;17.905,71;17.928,20;95.336.389
  06.05.2015;17.934,81;18.019,75;17.733,12;17.841,98;100.433.863
  07.05.2015;17.840,25;17.973,07;17.796,94;17.924,06;80.924.946
  08.05.2015;17.933,64;18.205,23;17.933,64;18.191,11;94.958.321
  11.05.2015;18.187,78;18.199,95;18.089,11;18.105,17;86.054.921
  12.05.2015;18.096,16;18.119,18;17.924,80;18.068,23;89.273.563
  13.05.2015;18.070,37;18.132,79;18.039,20;18.060,49;85.179.764
  14.05.2015;18.062,49;18.255,21;18.062,49;18.252,24;91.581.834
  15.05.2015;18.251,97;18.272,72;18.215,07;18.272,56;108.216.080
  18.05.2015;18.267,25;18.325,54;18.244,26;18.298,88;79.079.455
  19.05.2015;18.300,48;18.351,36;18.261,35;18.312,39;87.200.383
  20.05.2015;18.315,06;18.350,13;18.272,56;18.285,40;80.186.213
  21.05.2015;18.285,87;18.314,89;18.249,90;18.285,74;84.266.204
  22.05.2015;18.286,87;18.286,87;18.217,14;18.232,02;78.885.066
  26.05.2015;18.229,75;18.229,75;17.990,02;18.041,54;109.441.699
  27.05.2015;18.045,08;18.190,35;18.045,08;18.162,99;96.398.205
  28.05.2015;18.154,14;18.154,14;18.066,40;18.126,12;67.514.977
  29.05.2015;18.128,12;18.128,12;17.967,74;18.010,68;139.806.458
  01.06.2015;18.017,82;18.105,83;17.982,06;18.040,37;85.643.408
  02.06.2015;18.033,33;18.091,87;17.925,33;18.011,94;77.551.677
  03.06.2015;18.018,42;18.168,09;18.010,42;18.076,27;73.118.298
  04.06.2015;18.072,47;18.087,15;17.876,95;17.905,58;93.468.665
  05.06.2015;17.905,38;17.940,78;17.822,90;17.849,46;89.139.415
  08.06.2015;17.849,46;17.852,35;17.760,61;17.766,55;86.298.280
  09.06.2015;17.766,95;17.817,83;17.714,97;17.764,04;90.552.933
  10.06.2015;17.765,38;18.045,14;17.765,38;18.000,40;96.983.811
  11.06.2015;18.001,27;18.109,77;18.001,27;18.039,37;89.486.641
  12.06.2015;18.035,83;18.035,83;17.857,07;17.898,84;83.764.868
  15.06.2015;17.890,76;17.890,76;17.698,42;17.791,17;91.922.596
  16.06.2015;17.787,43;17.919,62;17.774,12;17.904,48;77.506.445
  17.06.2015;17.909,58;17.998,00;17.839,65;17.935,74;92.407.327
  18.06.2015;17.944,61;18.174,73;17.944,61;18.115,84;94.459.485
  19.06.2015;18.116,24;18.117,71;18.010,58;18.015,95;258.302.263
  22.06.2015;18.027,63;18.181,67;18.027,63;18.119,78;77.779.655
  23.06.2015;18.121,78;18.188,81;18.108,10;18.144,07;75.971.866
  24.06.2015;18.139,10;18.139,10;17.966,07;17.966,07;104.979.517
  25.06.2015;17.977,11;18.036,10;17.890,36;17.890,36;78.993.189
  26.06.2015;17.892,03;18.013,15;17.892,03;17.946,68;158.115.783
  29.06.2015;17.936,74;17.936,74;17.590,55;17.596,35;116.337.391
  30.06.2015;17.599,96;17.714,66;17.576,50;17.619,51;126.464.435
  01.07.2015;17.638,12;17.801,83;17.638,12;17.757,91;87.006.636
  02.07.2015;17.763,32;17.825,49;17.687,52;17.730,11;83.099.424
  06.07.2015;17.728,08;17.734,36;17.564,36;17.683,58;90.130.260
  07.07.2015;17.684,92;17.793,45;17.465,68;17.776,91;105.838.256
  08.07.2015;17.759,01;17.759,01;17.496,22;17.515,42;69.825.587
  09.07.2015;17.530,38;17.764,85;17.530,38;17.548,62;100.524.068
  10.07.2015;17.561,12;17.797,49;17.561,12;17.760,41;85.798.190
  13.07.2015;17.787,27;17.987,57;17.787,27;17.977,68;86.381.639
  14.07.2015;17.974,61;18.072,82;17.956,17;18.053,58;76.744.768
  15.07.2015;18.053,38;18.090,39;18.010,15;18.050,17;80.455.694
  16.07.2015;18.078,16;18.131,61;18.065,33;18.120,25;85.029.365
  17.07.2015;18.117,58;18.121,12;18.032,06;18.086,45;106.512.740
  20.07.2015;18.085,91;18.137,12;18.064,50;18.100,41;75.056.744
  21.07.2015;18.096,67;18.096,67;17.868,34;17.919,29;100.172.053
  22.07.2015;17.918,35;17.919,35;17.807,41;17.851,04;112.374.843
  23.07.2015;17.853,78;17.860,95;17.705,03;17.731,92;88.602.277
  24.07.2015;17.731,05;17.756,54;17.553,73;17.568,53;103.471.357
  27.07.2015;17.561,78;17.561,78;17.399,17;17.440,59;117.864.365
  28.07.2015;17.449,81;17.650,07;17.449,81;17.630,27;103.451.096
  29.07.2015;17.631,40;17.776,78;17.629,20;17.751,39;93.143.692
  30.07.2015;17.743,24;17.761,25;17.640,85;17.745,98;76.646.141
  31.07.2015;17.755,87;17.783,59;17.671,59;17.689,86;106.116.132
  03.08.2015;17.696,74;17.704,76;17.496,61;17.598,20;87.880.002
  04.08.2015;17.596,93;17.635,78;17.505,50;17.550,69;99.063.734
  05.08.2015;17.555,24;17.661,37;17.492,90;17.540,47;102.446.946
  06.08.2015;17.542,61;17.572,04;17.362,86;17.419,75;96.168.008
  07.08.2015;17.414,94;17.414,94;17.279,08;17.373,38;81.801.228
  10.08.2015;17.375,18;17.629,13;17.375,18;17.615,17;92.426.375
  11.08.2015;17.593,59;17.593,59;17.352,63;17.402,84;103.011.382
  12.08.2015;17.382,93;17.423,90;17.125,81;17.402,51;120.399.972
  13.08.2015;17.401,64;17.481,78;17.341,34;17.408,25;88.548.268
  14.08.2015;17.410,12;17.492,90;17.394,06;17.477,40;82.118.120
  17.08.2015;17.472,66;17.551,40;17.341,72;17.545,18;73.377.570
  18.08.2015;17.537,30;17.568,40;17.486,42;17.511,34;79.897.088
  19.08.2015;17.508,74;17.517,19;17.282,42;17.348,73;104.717.299
  20.08.2015;17.345,32;17.345,32;16.990,69;16.990,69;128.534.950
  21.08.2015;16.990,69;16.990,69;16.459,55;16.459,75;225.172.151
  24.08.2015;16.459,75;16.459,75;15.370,33;15.871,35;293.917.010
  25.08.2015;15.882,27;16.312,94;15.651,24;15.666,44;213.216.133
  26.08.2015;15.676,26;16.303,75;15.676,26;16.285,51;208.424.513
  27.08.2015;16.285,51;16.666,69;16.285,51;16.654,77;171.979.851
  28.08.2015;16.649,42;16.669,97;16.535,18;16.643,01;131.789.104
  31.08.2015;16.632,02;16.632,02;16.444,05;16.528,03;141.435.175
  01.09.2015;16.528,03;16.528,03;15.979,95;16.058,35;171.388.222
  02.09.2015;16.058,35;16.352,58;16.058,35;16.351,38;133.482.703
  03.09.2015;16.364,34;16.550,07;16.317,31;16.374,76;109.729.970
  04.09.2015;16.371,76;16.371,76;16.026,61;16.102,38;127.266.385
  08.09.2015;16.109,93;16.503,41;16.109,93;16.492,68;123.870.832
  09.09.2015;16.505,04;16.664,65;16.220,10;16.253,57;118.787.759
  10.09.2015;16.252,57;16.441,94;16.212,08;16.330,40;122.691.281
  11.09.2015;16.330,40;16.434,76;16.244,65;16.433,09;104.630.125
  14.09.2015;16.450,86;16.450,86;16.330,87;16.370,96;92.662.418
  15.09.2015;16.382,58;16.644,11;16.382,58;16.599,85;93.051.069
  16.09.2015;16.599,51;16.755,98;16.593,90;16.739,95;99.623.148
  17.09.2015;16.738,08;16.933,43;16.639,93;16.674,74;129.602.027
  18.09.2015;16.674,74;16.674,74;16.343,76;16.384,58;341.706.081
  21.09.2015;16.406,10;16.578,60;16.391,88;16.510,19;90.728.488
  22.09.2015;16.477,45;16.477,45;16.221,73;16.330,47;119.009.737
  23.09.2015;16.332,81;16.355,29;16.211,98;16.279,89;86.032.198
  24.09.2015;16.257,11;16.257,11;16.016,36;16.201,32;122.217.667
  25.09.2015;16.205,07;16.465,23;16.205,07;16.314,67;130.786.703
  28.09.2015;16.313,26;16.313,26;15.981,85;16.001,89;139.927.738
  29.09.2015;16.001,76;16.118,89;15.942,37;16.049,13;121.158.086
  30.09.2015;16.057,08;16.297,60;16.057,08;16.284,70;145.744.847
  01.10.2015;16.278,62;16.348,87;16.073,82;16.272,01;111.416.980
  02.10.2015;16.258,25;16.472,77;16.013,66;16.472,37;136.887.938
  05.10.2015;16.502,10;16.798,37;16.502,10;16.776,43;127.657.415
  06.10.2015;16.774,02;16.865,09;16.746,03;16.790,19;120.007.237
  07.10.2015;16.805,42;16.963,30;16.765,00;16.912,29;115.692.238
  08.10.2015;16.904,17;17.081,28;16.859,34;17.050,75;100.733.682
  09.10.2015;17.054,69;17.110,88;17.027,23;17.084,49;103.732.049
  12.10.2015;17.082,29;17.139,21;17.064,58;17.131,86;72.501.083
  13.10.2015;17.113,55;17.172,81;17.034,45;17.081,89;99.396.774
  14.10.2015;17.079,08;17.111,38;16.887,67;16.924,75;120.111.006
  15.10.2015;16.944,86;17.144,42;16.933,57;17.141,75;122.955.823
  16.10.2015;17.141,75;17.220,02;17.107,35;17.215,97;145.876.766
  19.10.2015;17.209,43;17.235,95;17.129,19;17.230,54;118.433.685
  20.10.2015;17.228,47;17.264,88;17.147,99;17.217,11;106.670.969
  21.10.2015;17.225,93;17.314,99;17.153,13;17.168,61;107.101.987
  22.10.2015;17.180,88;17.505,18;17.180,88;17.489,16;152.420.603
  23.10.2015;17.525,11;17.679,37;17.525,11;17.646,70;158.086.647
  26.10.2015;17.649,57;17.660,70;17.602,51;17.623,05;116.658.091
  27.10.2015;17.608,89;17.635,18;17.540,57;17.581,43;115.182.837
  28.10.2015;17.586,69;17.779,95;17.556,71;17.779,52;115.625.818
  29.10.2015;17.771,50;17.786,00;17.684,72;17.755,80;90.301.305
  30.10.2015;17.756,60;17.799,96;17.662,87;17.663,54;149.246.272
  02.11.2015;17.672,62;17.845,90;17.655,02;17.828,76;100.841.495
  03.11.2015;17.819,74;17.977,85;17.796,02;17.918,15;92.285.187
  04.11.2015;17.929,58;17.964,12;17.828,83;17.867,58;99.893.534
  05.11.2015;17.871,25;17.929,51;17.779,19;17.863,43;98.908.878
  06.11.2015;17.855,22;17.912,04;17.768,60;17.910,33;107.451.638
  09.11.2015;17.900,78;17.900,78;17.667,78;17.730,48;121.206.957
  10.11.2015;17.724,13;17.768,66;17.657,72;17.758,21;108.643.007
  11.11.2015;17.769,50;17.807,18;17.696,91;17.702,22;95.226.877
  12.11.2015;17.691,93;17.691,93;17.443,50;17.448,07;113.658.889
  13.11.2015;17.439,25;17.439,25;17.238,89;17.245,24;134.640.975
  16.11.2015;17.229,94;17.483,01;17.210,43;17.483,01;137.592.238
  17.11.2015;17.486,99;17.599,33;17.451,41;17.489,50;167.191.792
  18.11.2015;17.485,49;17.752,16;17.485,49;17.737,16;106.811.910
  19.11.2015;17.739,83;17.772,97;17.681,98;17.732,75;114.633.088
  20.11.2015;17.732,75;17.914,34;17.732,75;17.823,81;153.141.893
  23.11.2015;17.823,61;17.868,18;17.751,53;17.792,68;134.675.392
  24.11.2015;17.770,90;17.862,60;17.683,51;17.812,19;127.172.415
  25.11.2015;17.820,81;17.854,92;17.801,83;17.813,39;82.538.987
  27.11.2015;17.806,04;17.830,36;17.749,32;17.798,49;46.819.238
  30.11.2015;17.802,84;17.837,24;17.719,79;17.719,92;155.559.407
  01.12.2015;17.719,72;17.895,50;17.719,72;17.888,35;103.876.989
  02.12.2015;17.883,14;17.901,58;17.708,20;17.729,68;102.859.521
  03.12.2015;17.741,57;17.780,59;17.425,56;17.477,67;126.987.360
  04.12.2015;17.482,68;17.866,47;17.482,68;17.847,63;137.645.845
  07.12.2015;17.845,49;17.845,49;17.639,25;17.730,51;99.671.244
  08.12.2015;17.703,99;17.703,99;17.485,39;17.568,00;113.716.403
  09.12.2015;17.558,18;17.767,69;17.403,51;17.492,30;122.016.906
  10.12.2015;17.493,17;17.697,74;17.474,66;17.574,75;107.308.171
  11.12.2015;17.574,75;17.574,75;17.230,50;17.265,21;134.509.835
  14.12.2015;17.277,11;17.378,02;17.138,47;17.368,50;142.538.435
  15.12.2015;17.374,78;17.627,63;17.341,18;17.524,91;123.427.211
  16.12.2015;17.530,85;17.784,36;17.483,68;17.749,09;123.788.403
  17.12.2015;17.756,54;17.796,76;17.493,50;17.495,84;115.776.333
  18.12.2015;17.495,04;17.496,58;17.124,31;17.128,55;344.564.786
  21.12.2015;17.154,94;17.272,36;17.116,73;17.251,62;114.909.075
  22.12.2015;17.253,55;17.451,11;17.242,86;17.417,27;91.571.681
  23.12.2015;17.427,63;17.607,92;17.427,63;17.602,61;92.819.617
  24.12.2015;17.593,26;17.606,34;17.543,95;17.552,17;40.346.493
  28.12.2015;17.535,66;17.536,90;17.437,34;17.528,27;59.765.861
  29.12.2015;17.547,37;17.750,02;17.547,37;17.720,98;69.856.581
  30.12.2015;17.711,94;17.714,13;17.588,87;17.603,87;59.761.009
  31.12.2015;17.590,66;17.590,66;17.421,16;17.425,03;93.694.493
  04.01.2016;17.405,48;17.405,48;16.957,63;17.148,94;148.055.465
  05.01.2016;17.147,50;17.195,84;17.038,61;17.158,66;105.746.626
  06.01.2016;17.154,83;17.154,83;16.817,62;16.906,51;120.252.177
  07.01.2016;16.888,36;16.888,36;16.463,63;16.514,10;176.242.757
  08.01.2016;16.519,17;16.651,89;16.314,57;16.346,45;141.847.911
  11.01.2016;16.358,71;16.461,85;16.232,03;16.398,57;127.794.607
  12.01.2016;16.419,11;16.591,35;16.322,07;16.516,22;117.479.864
  13.01.2016;16.526,63;16.593,51;16.123,20;16.151,41;153.525.112
  14.01.2016;16.159,01;16.482,05;16.075,12;16.379,05;158.825.189
  15.01.2016;16.354,33;16.354,33;15.842,11;15.988,08;239.214.993
  19.01.2016;16.009,45;16.171,96;15.900,25;16.016,02;144.362.058
  20.01.2016;15.989,45;15.989,45;15.450,56;15.766,74;191.867.641
  21.01.2016;15.768,87;16.038,59;15.704,66;15.882,68;145.135.421
  22.01.2016;15.921,10;16.136,79;15.921,10;16.093,51;145.854.861
  25.01.2016;16.086,46;16.086,46;15.880,15;15.885,22;123.247.954
  26.01.2016;15.893,16;16.185,79;15.893,16;16.167,23;118.211.872
  27.01.2016;16.168,74;16.235,03;15.878,30;15.944,46;138.347.404
  28.01.2016;15.960,28;16.102,14;15.863,72;16.069,64;130.122.469
  29.01.2016;16.090,26;16.466,30;16.090,26;16.466,30;217.940.374
  01.02.2016;16.453,63;16.510,98;16.299,47;16.449,18;114.454.086
  02.02.2016;16.420,21;16.420,21;16.108,44;16.153,54;126.211.454
  03.02.2016;16.186,20;16.381,69;15.960,45;16.336,66;141.866.113
  04.02.2016;16.329,67;16.485,84;16.266,16;16.416,58;131.489.498
  05.02.2016;16.417,95;16.423,63;16.129,81;16.204,97;139.012.378
  08.02.2016;16.147,51;16.147,51;15.803,55;16.027,05;165.875.013
  09.02.2016;16.005,41;16.136,62;15.881,11;16.014,38;127.739.705
  10.02.2016;16.035,61;16.201,89;15.899,91;15.914,74;122.288.310
  11.02.2016;15.897,82;15.897,82;15.503,01;15.660,18;172.067.614
  12.02.2016;15.691,62;15.974,04;15.691,62;15.973,84;132.550.833
  16.02.2016;16.012,39;16.196,41;16.012,39;16.196,41;142.030.809
  17.02.2016;16.217,98;16.486,12;16.217,98;16.453,83;124.084.889
  18.02.2016;16.483,76;16.511,84;16.390,43;16.413,43;104.951.345
  19.02.2016;16.410,96;16.410,96;16.278,00;16.391,99;134.344.283
  22.02.2016;16.417,13;16.664,24;16.417,13;16.620,66;102.238.512
  23.02.2016;16.610,39;16.610,39;16.403,53;16.431,78;98.167.260
  24.02.2016;16.418,84;16.507,39;16.165,86;16.484,99;93.621.463
  25.02.2016;16.504,38;16.697,98;16.458,42;16.697,29;94.121.294
  26.02.2016;16.712,70;16.795,98;16.623,91;16.639,97;98.482.657
  29.02.2016;16.634,15;16.726,12;16.510,40;16.516,50;126.217.631
  01.03.2016;16.545,67;16.865,56;16.545,67;16.865,08;105.053.616
  02.03.2016;16.851,17;16.900,17;16.766,32;16.899,32;104.470.676
  03.03.2016;16.896,17;16.944,31;16.820,73;16.943,90;91.113.445
  04.03.2016;16.945,00;17.062,38;16.898,84;17.006,77;106.910.058
  07.03.2016;16.991,29;17.099,25;16.940,48;17.073,95;100.291.898
  08.03.2016;17.050,67;17.072,79;16.921,51;16.964,10;108.381.315
  09.03.2016;16.969,17;17.048,50;16.947,94;17.000,36;116.694.387
  10.03.2016;17.006,05;17.130,11;16.821,86;16.995,13;117.568.059
  11.03.2016;17.014,99;17.220,09;17.014,99;17.213,31;123.430.760
  14.03.2016;17.207,49;17.275,07;17.161,16;17.229,13;96.347.623
  15.03.2016;17.217,15;17.251,70;17.120,35;17.251,53;92.828.503
  16.03.2016;17.249,34;17.379,18;17.204,07;17.325,76;118.709.760
  17.03.2016;17.321,38;17.529,01;17.297,65;17.481,49;117.988.291
  18.03.2016;17.481,49;17.620,58;17.481,49;17.602,30;321.227.091
  21.03.2016;17.589,70;17.644,97;17.551,28;17.623,87;84.406.417
  22.03.2016;17.602,71;17.648,94;17.540,42;17.582,57;95.450.320
  23.03.2016;17.588,81;17.588,81;17.486,27;17.502,59;84.235.814
  24.03.2016;17.485,33;17.517,14;17.399,01;17.515,73;84.099.702
  28.03.2016;17.526,08;17.583,81;17.493,03;17.535,39;70.460.933
  29.03.2016;17.512,58;17.642,81;17.434,27;17.633,11;86.161.216
  30.03.2016;17.652,36;17.790,11;17.652,36;17.716,66;79.329.488
  31.03.2016;17.716,05;17.755,70;17.669,72;17.685,09;102.597.428
  01.04.2016;17.661,74;17.811,48;17.568,02;17.792,75;104.893.369
  04.04.2016;17.799,39;17.806,38;17.710,67;17.737,00;85.227.080
  05.04.2016;17.718,03;17.718,03;17.579,56;17.603,32;115.225.782
  06.04.2016;17.605,45;17.723,55;17.542,54;17.716,05;99.410.366
  07.04.2016;17.687,28;17.687,28;17.484,23;17.541,96;90.115.570
  08.04.2016;17.555,39;17.694,51;17.528,16;17.576,96;79.990.965
  11.04.2016;17.586,48;17.731,63;17.555,90;17.556,41;107.095.331
  12.04.2016;17.571,34;17.744,43;17.553,57;17.721,25;81.015.066
  13.04.2016;17.741,66;17.918,35;17.741,66;17.908,28;91.710.395
  14.04.2016;17.912,25;17.962,14;17.885,44;17.926,43;84.513.594
  15.04.2016;17.925,95;17.937,65;17.867,41;17.897,46;118.161.943
  18.04.2016;17.890,20;18.009,53;17.848,22;18.004,16;89.394.009
  19.04.2016;18.012,10;18.103,46;17.984,43;18.053,60;89.821.716
  20.04.2016;18.059,49;18.167,63;18.031,21;18.096,27;100.207.803
  21.04.2016;18.092,84;18.107,29;17.963,89;17.982,52;102.715.363
  22.04.2016;17.985,05;18.026,85;17.909,89;18.003,75;134.118.443
  25.04.2016;17.990,94;17.990,94;17.855,55;17.977,24;83.767.828
  26.04.2016;17.987,38;18.043,77;17.934,17;17.990,32;92.565.933
  27.04.2016;17.996,14;18.084,66;17.920,26;18.041,55;109.091.285
  28.04.2016;18.023,88;18.035,73;17.796,55;17.830,76;100.920.371
  29.04.2016;17.813,09;17.814,83;17.651,98;17.773,64;136.672.463
  02.05.2016;17.783,78;17.912,35;17.773,71;17.891,16;80.100.024
  03.05.2016;17.870,75;17.870,75;17.670,88;17.750,91;97.064.778
  04.05.2016;17.735,02;17.738,06;17.609,01;17.651,26;95.018.762
  05.05.2016;17.664,48;17.736,11;17.615,82;17.660,71;81.533.261
  06.05.2016;17.650,30;17.744,54;17.580,38;17.740,63;80.024.237
  09.05.2016;17.743,85;17.783,16;17.668,38;17.705,91;85.591.026
  10.05.2016;17.726,66;17.934,61;17.726,66;17.928,35;75.792.952
  11.05.2016;17.919,03;17.919,03;17.711,05;17.711,12;87.388.117
  12.05.2016;17.722,01;17.798,19;17.625,38;17.720,50;88.564.875
  13.05.2016;17.711,12;17.734,74;17.512,48;17.535,32;86.647.841
  16.05.2016;17.531,76;17.755,80;17.531,76;17.710,71;88.438.989
  17.05.2016;17.701,46;17.701,46;17.469,92;17.529,98;103.255.446
  18.05.2016;17.501,28;17.636,22;17.418,21;17.526,62;79.115.798
  19.05.2016;17.514,16;17.514,16;17.331,07;17.435,40;95.531.591
  20.05.2016;17.437,32;17.571,75;17.437,32;17.500,94;111.997.733
  23.05.2016;17.507,04;17.550,70;17.480,05;17.492,93;87.791.473
  24.05.2016;17.525,19;17.742,59;17.525,19;17.706,05;86.476.237
  25.05.2016;17.735,09;17.891,71;17.735,09;17.851,51;79.182.001
  26.05.2016;17.859,52;17.888,66;17.803,82;17.828,29;68.937.576
  27.05.2016;17.826,85;17.873,22;17.824,73;17.873,22;73.192.307
  31.05.2016;17.891,50;17.899,24;17.724,03;17.787,20;147.388.862
  01.06.2016;17.754,55;17.809,18;17.664,79;17.789,67;78.529.032
  02.06.2016;17.789,05;17.838,56;17.703,55;17.838,56;75.559.771
  03.06.2016;17.799,80;17.833,17;17.689,68;17.807,06;82.279.069
  06.06.2016;17.825,69;17.949,68;17.822,81;17.920,33;71.870.483
  07.06.2016;17.936,22;18.003,23;17.936,22;17.938,28;78.749.105
  08.06.2016;17.931,91;18.016,00;17.931,91;18.005,05;71.255.734
  09.06.2016;17.969,98;18.005,22;17.915,88;17.985,19;69.686.132
  10.06.2016;17.938,82;17.938,82;17.812,34;17.865,34;90.540.958
  13.06.2016;17.830,50;17.893,28;17.731,35;17.732,48;101.687.939
  14.06.2016;17.710,77;17.733,92;17.595,79;17.674,82;93.741.297
  15.06.2016;17.703,65;17.762,96;17.629,01;17.640,17;94.128.197
  16.06.2016;17.602,23;17.754,91;17.471,29;17.733,10;91.949.268
  17.06.2016;17.733,44;17.733,44;17.602,78;17.675,16;248.683.351
  20.06.2016;17.736,87;17.946,36;17.736,87;17.804,87;99.383.801
  21.06.2016;17.827,33;17.877,84;17.799,80;17.829,73;85.140.235
  22.06.2016;17.832,67;17.920,16;17.770,36;17.780,83;89.435.200
  23.06.2016;17.844,11;18.011,07;17.844,11;18.011,07;98.106.567
  24.06.2016;17.946,63;17.946,63;17.356,34;17.400,75;239.001.058
  27.06.2016;17.355,21;17.355,21;17.063,08;17.140,24;138.739.383
  28.06.2016;17.190,51;17.409,72;17.190,51;17.409,72;112.190.019
  29.06.2016;17.456,02;17.704,51;17.456,02;17.694,68;106.375.595
  30.06.2016;17.712,76;17.930,61;17.711,80;17.929,99;133.029.369
  01.07.2016;17.924,24;18.002,38;17.916,91;17.949,37;82.158.340
  05.07.2016;17.904,45;17.904,45;17.785,28;17.840,62;103.671.031
  06.07.2016;17.807,47;17.926,91;17.713,45;17.918,62;93.002.659
  07.07.2016;17.924,24;17.984,95;17.816,65;17.895,88;81.574.932
  08.07.2016;17.971,22;18.166,77;17.971,22;18.146,74;93.462.025
  11.07.2016;18.161,53;18.283,90;18.161,53;18.226,93;80.881.980
  12.07.2016;18.259,12;18.371,95;18.259,12;18.347,67;90.213.435
  13.07.2016;18.356,78;18.390,16;18.315,76;18.372,12;80.917.455
  14.07.2016;18.414,30;18.537,57;18.414,30;18.506,41;87.053.477
  15.07.2016;18.508,88;18.557,43;18.471,62;18.516,55;123.686.021
  18.07.2016;18.521,55;18.556,13;18.489,84;18.533,05;75.539.811
  19.07.2016;18.503,12;18.562,53;18.495,11;18.559,01;85.840.786
  20.07.2016;18.582,70;18.622,01;18.555,65;18.595,03;93.233.337
  21.07.2016;18.589,96;18.590,44;18.469,67;18.517,23;86.803.016
  22.07.2016;18.524,15;18.571,30;18.491,59;18.570,85;87.706.622
  25.07.2016;18.554,49;18.555,69;18.452,62;18.493,06;76.807.470
  26.07.2016;18.497,37;18.522,47;18.387,22;18.473,75;85.368.416
  27.07.2016;18.473,27;18.542,39;18.430,94;18.472,17;111.368.134
  28.07.2016;18.461,01;18.483,26;18.368,82;18.456,35;85.748.793
  29.07.2016;18.442,52;18.466,55;18.371,12;18.432,24;111.551.044
  01.08.2016;18.434,50;18.467,03;18.355,75;18.404,51;83.472.994
  02.08.2016;18.401,15;18.403,65;18.247,79;18.313,77;89.682.843
  03.08.2016;18.313,08;18.355,00;18.283,23;18.355,00;78.553.906
  04.08.2016;18.351,43;18.397,87;18.325,17;18.352,05;64.502.073
  05.08.2016;18.402,80;18.543,53;18.402,80;18.543,53;92.420.535
  08.08.2016;18.540,65;18.569,31;18.502,03;18.529,29;71.807.582
  09.08.2016;18.538,05;18.585,32;18.507,75;18.533,05;60.091.028
  10.08.2016;18.541,48;18.561,75;18.468,78;18.495,66;62.778.145
  11.08.2016;18.519,08;18.638,34;18.519,08;18.613,52;71.473.111
  12.08.2016;18.595,65;18.606,06;18.535,86;18.576,47;61.582.656
  15.08.2016;18.588,59;18.668,44;18.588,59;18.636,05;62.353.887
  16.08.2016;18.614,48;18.614,86;18.550,65;18.552,02;67.565.352
  17.08.2016;18.537,09;18.582,35;18.468,68;18.573,94;71.001.423
  18.08.2016;18.566,54;18.600,82;18.533,29;18.597,70;70.743.759
  19.08.2016;18.585,17;18.585,17;18.491,24;18.552,57;93.166.745
  22.08.2016;18.535,86;18.570,92;18.466,86;18.529,42;73.454.184
  23.08.2016;18.568,94;18.631,60;18.545,52;18.547,30;73.988.081
  24.08.2016;18.537,50;18.539,15;18.448,27;18.481,48;72.267.424
  25.08.2016;18.471,21;18.497,68;18.431,46;18.448,41;64.480.387
  26.08.2016;18.467,92;18.572,09;18.335,34;18.395,40;78.727.278
  29.08.2016;18.421,29;18.523,09;18.419,92;18.502,99;64.482.006
  30.08.2016;18.491,28;18.514,29;18.408,52;18.454,30;68.916.111
  31.08.2016;18.436,70;18.439,68;18.333,56;18.400,88;98.252.985
  01.09.2016;18.396,57;18.430,05;18.295,48;18.419,30;74.784.295
  02.09.2016;18.466,01;18.544,76;18.439,10;18.491,96;74.352.868
  06.09.2016;18.493,40;18.551,54;18.450,32;18.538,12;83.711.547
  07.09.2016;18.527,71;18.536,89;18.474,77;18.526,14;67.569.967
  08.09.2016;18.486,69;18.506,24;18.446,69;18.479,91;79.063.230
  09.09.2016;18.404,17;18.404,17;18.085,45;18.085,45;120.672.714
  12.09.2016;18.028,95;18.358,69;17.994,84;18.325,07;103.256.877
  13.09.2016;18.262,99;18.262,99;18.028,06;18.066,75;102.831.049
  14.09.2016;18.073,39;18.163,48;17.992,21;18.034,77;103.364.109
  15.09.2016;18.024,91;18.250,11;18.015,49;18.212,48;99.564.284
  16.09.2016;18.217,21;18.217,21;18.070,21;18.123,80;278.535.026
  19.09.2016;18.154,82;18.254,88;18.093,05;18.120,17;78.088.968
  20.09.2016;18.175,36;18.227,21;18.128,80;18.129,96;72.454.649
  21.09.2016;18.164,96;18.307,43;18.121,57;18.293,70;94.101.686
  22.09.2016;18.343,76;18.449,88;18.343,76;18.392,46;73.029.438
  23.09.2016;18.377,36;18.383,76;18.254,84;18.261,45;87.179.212
  26.09.2016;18.217,76;18.217,76;18.083,32;18.094,83;95.512.548
  27.09.2016;18.099,21;18.238,10;18.052,16;18.228,30;84.127.369
  28.09.2016;18.240,22;18.349,86;18.179,34;18.339,24;97.654.310
  29.09.2016;18.322,88;18.366,23;18.091,64;18.143,45;95.882.328
  30.09.2016;18.181,80;18.369,62;18.181,80;18.308,15;135.473.871
  03.10.2016;18.279,60;18.279,80;18.203,75;18.253,85;68.516.587
  04.10.2016;18.267,68;18.313,77;18.116,26;18.168,45;79.705.830
  05.10.2016;18.205,50;18.315,82;18.205,50;18.281,03;76.186.997
  06.10.2016;18.280,42;18.288,12;18.162,97;18.268,50;78.655.567
  07.10.2016;18.295,35;18.319,73;18.149,35;18.240,49;82.681.278
  10.10.2016;18.282,95;18.399,96;18.282,95;18.329,04;72.106.841
  11.10.2016;18.308,43;18.312,33;18.061,96;18.128,66;88.614.060
  12.10.2016;18.132,63;18.193,96;18.082,09;18.144,20;72.231.546
  13.10.2016;18.088,32;18.137,70;17.959,95;18.098,94;83.156.719
  14.10.2016;18.177,35;18.261,11;18.138,38;18.138,38;87.051.703
  17.10.2016;18.135,85;18.162,28;18.063,02;18.086,40;75.964.284
  18.10.2016;18.145,06;18.225,80;18.129,45;18.161,94;74.800.254
  19.10.2016;18.178,21;18.252,20;18.169,25;18.202,62;88.043.000
  20.10.2016;18.161,87;18.249,05;18.129,07;18.162,35;88.833.880
  21.10.2016;18.152,63;18.168,76;18.049,77;18.145,71;117.821.045
  24.10.2016;18.197,14;18.275,04;18.191,18;18.223,03;88.549.048
  25.10.2016;18.206,52;18.241,69;18.151,70;18.169,27;83.193.208
  26.10.2016;18.103,80;18.236,04;18.062,30;18.199,33;86.335.851
  27.10.2016;18.234,81;18.253,20;18.149,20;18.169,68;83.534.248
  28.10.2016;18.193,79;18.257,06;18.094,97;18.161,19;107.846.120
  31.10.2016;18.176,60;18.193,68;18.130,58;18.142,42;110.083.015
  01.11.2016;18.158,24;18.177,01;17.940,84;18.037,10;101.279.539
  02.11.2016;18.017,72;18.044,15;17.931,89;17.959,64;88.608.471
  03.11.2016;17.978,75;18.006,96;17.904,07;17.930,67;77.856.619
  04.11.2016;17.928,35;17.986,76;17.883,56;17.888,28;97.757.491
  07.11.2016;17.994,64;18.263,30;17.994,64;18.259,60;93.450.501
  08.11.2016;18.251,38;18.400,50;18.200,75;18.332,74;79.824.161
  09.11.2016;18.317,26;18.650,06;18.252,55;18.589,69;173.105.899
  10.11.2016;18.603,14;18.873,66;18.603,14;18.807,88;164.388.144
  11.11.2016;18.781,65;18.855,78;18.736,96;18.847,66;107.298.169
  14.11.2016;18.876,77;18.934,05;18.815,75;18.868,69;112.252.186
  15.11.2016;18.858,21;18.925,26;18.806,06;18.923,06;100.659.335
  16.11.2016;18.909,85;18.909,85;18.825,89;18.868,14;87.315.034
  17.11.2016;18.866,22;18.904,03;18.845,27;18.903,82;89.936.070
  18.11.2016;18.905,33;18.915,74;18.853,83;18.867,93;109.880.725
  21.11.2016;18.898,68;18.960,76;18.883,10;18.956,69;80.520.707
  22.11.2016;18.970,39;19.043,90;18.962,82;19.023,87;85.308.309
  23.11.2016;19.015,52;19.083,76;19.000,38;19.083,18;77.879.432
  25.11.2016;19.093,72;19.152,14;19.093,72;19.152,14;45.889.433
  28.11.2016;19.122,14;19.138,72;19.072,25;19.097,90;88.461.256
  29.11.2016;19.064,07;19.144,40;19.062,22;19.121,60;81.510.739
  30.11.2016;19.135,64;19.225,29;19.123,38;19.123,58;164.573.915
  01.12.2016;19.149,20;19.214,30;19.138,79;19.191,93;108.803.146
  02.12.2016;19.161,25;19.196,14;19.141,18;19.170,42;84.921.758
  05.12.2016;19.244,35;19.274,85;19.186,73;19.216,24;317.801.044
  06.12.2016;19.219,91;19.255,89;19.184,74;19.251,78;284.956.633
  07.12.2016;19.241,99;19.558,42;19.229,83;19.549,62;385.199.821
  08.12.2016;19.559,94;19.664,97;19.527,83;19.614,81;324.570.856
  09.12.2016;19.631,35;19.757,74;19.623,19;19.756,85;334.466.961
  12.12.2016;19.770,20;19.824,59;19.747,74;19.796,43;333.658.392
  13.12.2016;19.852,21;19.953,75;19.846,45;19.911,21;388.415.682
  14.12.2016;19.876,13;19.966,43;19.748,67;19.792,53;408.432.850
  15.12.2016;19.811,50;19.951,29;19.811,50;19.852,24;357.349.616
  16.12.2016;19.909,01;19.923,17;19.821,00;19.843,41;573.469.787
  19.12.2016;19.836,66;19.917,78;19.832,95;19.883,06;302.308.510
  20.12.2016;19.920,59;19.987,63;19.920,42;19.974,62;284.080.154
  21.12.2016;19.968,97;19.986,56;19.941,96;19.941,96;256.639.155
  22.12.2016;19.922,68;19.933,83;19.882,19;19.918,88;258.294.469
  23.12.2016;19.908,61;19.934,15;19.899,06;19.933,81;158.263.813
  27.12.2016;19.943,46;19.980,24;19.939,80;19.945,04;158.540.483
  28.12.2016;19.964,31;19.981,11;19.827,31;19.833,68;188.346.538
  29.12.2016;19.835,46;19.878,44;19.788,94;19.819,78;172.038.812
  30.12.2016;19.833,17;19.852,55;19.718,67;19.762,60;271.913.288
  03.01.2017;19.872,86;19.938,53;19.775,93;19.881,76;339.176.105
  04.01.2017;19.890,94;19.956,14;19.878,83;19.942,16;280.005.720
  05.01.2017;19.924,56;19.948,60;19.811,12;19.899,29;269.920.430
  06.01.2017;19.906,96;19.999,63;19.834,08;19.963,80;277.701.805
  09.01.2017;19.931,41;19.943,78;19.887,38;19.887,38;287.505.462
  10.01.2017;19.876,35;19.957,12;19.836,03;19.855,53;299.408.292
  11.01.2017;19.887,38;19.973,42;19.833,16;19.954,28;336.148.968
  12.01.2017;19.926,21;19.929,29;19.770,47;19.891,00;306.287.388
  13.01.2017;19.912,54;19.952,03;19.849,38;19.885,73;263.777.999
  17.01.2017;19.848,82;19.882,99;19.775,35;19.826,77;341.900.421
  18.01.2017;19.822,73;19.828,20;19.739,00;19.804,72;279.759.016
  19.01.2017;19.813,55;19.824,14;19.677,94;19.732,40;301.754.396
  20.01.2017;19.795,06;19.843,94;19.759,14;19.827,25;435.257.163
  23.01.2017;19.794,79;19.833,98;19.732,36;19.799,85;326.685.552
  24.01.2017;19.794,68;19.949,24;19.786,71;19.912,71;374.458.880
  25.01.2017;19.994,48;20.082,00;19.994,48;20.068,51;372.239.914
  26.01.2017;20.076,25;20.125,58;20.067,53;20.100,91;356.733.770
  27.01.2017;20.103,36;20.115,97;20.072,64;20.093,78;343.130.866
  30.01.2017;20.028,62;20.028,62;19.870,39;19.971,13;317.276.407
  31.01.2017;19.913,16;19.918,17;19.784,77;19.864,09;373.747.909
  01.02.2017;19.923,81;19.967,73;19.845,99;19.890,94;426.668.818
  02.02.2017;19.858,34;19.922,75;19.831,09;19.884,91;347.222.149
  03.02.2017;19.964,21;20.081,48;19.964,21;20.071,46;344.216.318
  06.02.2017;20.025,61;20.094,95;20.002,81;20.052,42;281.716.573
  07.02.2017;20.107,62;20.155,35;20.068,68;20.090,29;279.669.308
  08.02.2017;20.049,29;20.068,28;20.015,33;20.054,34;280.406.499
  09.02.2017;20.061,73;20.206,36;20.061,73;20.172,40;325.309.253
  10.02.2017;20.211,23;20.298,21;20.204,76;20.269,37;312.233.293
  13.02.2017;20.338,54;20.441,48;20.322,95;20.412,16;314.624.766
  14.02.2017;20.374,22;20.504,41;20.374,02;20.504,41;356.578.298
  15.02.2017;20.504,27;20.620,45;20.496,03;20.611,86;384.384.845
  16.02.2017;20.627,31;20.639,87;20.556,83;20.619,77;354.119.442
  17.02.2017;20.564,13;20.624,05;20.532,61;20.624,05;340.617.992
  21.02.2017;20.663,43;20.757,64;20.663,37;20.743,00;336.880.195
  22.02.2017;20.715,41;20.781,59;20.692,39;20.775,60;310.532.545
  23.02.2017;20.817,21;20.840,70;20.746,41;20.810,32;302.105.606
  24.02.2017;20.751,91;20.821,76;20.733,95;20.821,76;292.539.198
  27.02.2017;20.808,71;20.851,33;20.774,76;20.837,44;256.536.237
  28.02.2017;20.833,88;20.841,24;20.781,21;20.812,24;339.209.839
  01.03.2017;20.957,29;21.169,11;20.957,29;21.115,55;392.823.218
  02.03.2017;21.128,91;21.129,20;20.996,61;21.002,97;319.912.399
  03.03.2017;21.008,75;21.039,96;20.953,86;21.005,71;254.422.385
  06.03.2017;20.955,71;20.986,43;20.912,11;20.954,34;266.621.391
  07.03.2017;20.934,89;20.970,54;20.901,26;20.924,76;274.630.207
  08.03.2017;20.940,44;20.951,44;20.835,58;20.855,73;296.781.864
  09.03.2017;20.864,32;20.900,57;20.777,16;20.858,19;275.962.003
  10.03.2017;20.919,01;20.940,29;20.827,66;20.902,98;315.431.244
  13.03.2017;20.899,28;20.926,06;20.845,71;20.881,48;289.262.675
  14.03.2017;20.848,60;20.874,00;20.786,31;20.837,37;246.820.600
  15.03.2017;20.874,78;20.977,47;20.859,60;20.950,10;306.594.235
  16.03.2017;20.969,27;21.000,11;20.893,50;20.934,55;264.362.267
  17.03.2017;20.965,37;20.980,51;20.911,07;20.914,62;535.281.197
  20.03.2017;20.916,27;20.955,45;20.885,70;20.905,86;253.610.274
  21.03.2017;20.956,33;20.970,04;20.653,26;20.668,01;369.322.276
  22.03.2017;20.640,42;20.686,21;20.578,95;20.661,30;325.088.027
  23.03.2017;20.645,07;20.757,89;20.618,62;20.656,58;280.054.429
  24.03.2017;20.674,45;20.718,33;20.529,67;20.596,72;292.981.459
  27.03.2017;20.488,35;20.578,46;20.412,80;20.550,98;269.378.466
  28.03.2017;20.542,14;20.735,61;20.520,10;20.701,50;299.670.679
  29.03.2017;20.675,75;20.684,73;20.625,03;20.659,32;238.322.624
  30.03.2017;20.662,79;20.753,78;20.643,60;20.728,49;270.904.981
  31.03.2017;20.700,34;20.722,59;20.660,68;20.663,22;303.771.035
  03.04.2017;20.665,17;20.692,34;20.517,82;20.650,21;285.674.859
  04.04.2017;20.634,94;20.701,29;20.605,30;20.689,24;237.391.159
  05.04.2017;20.745,06;20.887,50;20.639,55;20.648,15;284.975.999
  06.04.2017;20.653,77;20.746,46;20.612,17;20.662,95;251.718.184
  07.04.2017;20.647,81;20.726,07;20.606,95;20.656,10;219.733.166
  10.04.2017;20.668,22;20.750,33;20.614,86;20.658,02;230.484.918
  11.04.2017;20.644,32;20.660,03;20.512,56;20.651,30;255.119.217
  12.04.2017;20.637,95;20.642,54;20.553,03;20.591,86;267.670.491
  13.04.2017;20.561,69;20.612,27;20.453,25;20.453,25;235.808.553
  17.04.2017;20.484,75;20.644,41;20.484,75;20.636,92;229.238.670
  18.04.2017;20.561,39;20.600,12;20.462,28;20.523,28;263.175.454
  19.04.2017;20.503,52;20.546,69;20.379,55;20.404,49;294.789.678
  20.04.2017;20.406,68;20.629,78;20.406,68;20.578,71;312.436.599
  21.04.2017;20.578,10;20.601,40;20.505,33;20.547,76;369.603.079
  24.04.2017;20.723,59;20.792,20;20.723,59;20.763,89;342.395.090
  25.04.2017;20.915,51;21.026,97;20.909,38;20.996,12;348.181.609
  26.04.2017;21.009,95;21.070,90;20.972,27;20.975,09;328.547.690
  27.04.2017;20.991,12;21.005,80;20.935,80;20.981,33;305.685.924
  28.04.2017;20.987,39;20.987,76;20.926,75;20.940,51;329.991.681
  01.05.2017;20.962,73;20.976,62;20.898,38;20.913,46;288.161.243
  02.05.2017;20.941,19;20.960,92;20.904,06;20.949,89;338.805.620
  03.05.2017;20.915,00;20.972,74;20.874,18;20.957,90;310.921.819
  04.05.2017;20.987,83;20.990,79;20.847,95;20.951,47;274.723.570
  05.05.2017;20.929,04;21.006,94;20.905,00;21.006,94;260.960.208
  08.05.2017;20.991,26;21.017,89;20.971,05;21.012,28;276.147.273
  09.05.2017;21.022,28;21.046,85;20.938,04;20.975,78;272.996.639
  10.05.2017;20.958,49;20.976,28;20.884,15;20.943,11;283.343.448
  11.05.2017;20.925,72;20.933,36;20.798,90;20.919,42;287.684.141
  12.05.2017;20.893,19;20.916,10;20.869,74;20.896,61;288.496.256
  15.05.2017;20.923,63;21.000,83;20.923,63;20.981,94;313.166.214
  16.05.2017;20.984,48;21.033,53;20.932,88;20.979,75;311.580.371
  17.05.2017;20.846,17;20.846,17;20.601,08;20.606,93;423.200.628
  18.05.2017;20.579,65;20.759,20;20.553,45;20.663,02;422.587.957
  19.05.2017;20.698,28;20.857,13;20.687,94;20.804,84;365.183.459
  22.05.2017;20.867,77;20.914,26;20.860,16;20.894,83;276.120.670
  23.05.2017;20.908,67;20.961,14;20.896,22;20.937,91;244.945.777
  24.05.2017;20.949,21;21.022,82;20.933,58;21.012,42;283.176.732
  25.05.2017;21.062,96;21.112,32;21.051,41;21.082,95;268.967.152
  26.05.2017;21.070,15;21.092,82;21.050,49;21.080,28;207.998.354
  30.05.2017;21.045,49;21.063,62;21.009,60;21.029,47;242.811.721
  31.05.2017;21.048,46;21.051,70;20.942,57;21.008,65;371.582.506
  01.06.2017;21.030,55;21.144,18;20.994,22;21.144,18;276.734.620
  02.06.2017;21.142,09;21.225,04;21.129,56;21.206,29;329.700.647
  05.06.2017;21.195,03;21.224,41;21.168,69;21.184,04;269.794.703
  06.06.2017;21.145,48;21.180,47;21.118,46;21.136,23;283.547.160
  07.06.2017;21.171,57;21.189,84;21.113,31;21.173,69;273.397.492
  08.06.2017;21.169,76;21.265,69;21.138,16;21.182,53;330.332.718
  09.06.2017;21.208,96;21.305,35;21.159,45;21.271,97;397.196.391
  12.06.2017;21.259,95;21.277,08;21.186,15;21.235,67;528.076.666
  13.06.2017;21.256,83;21.332,77;21.256,83;21.328,47;323.510.128
  14.06.2017;21.342,71;21.391,97;21.294,09;21.374,56;295.090.639
  15.06.2017;21.291,69;21.367,28;21.261,87;21.359,90;317.198.807
  16.06.2017;21.335,93;21.384,42;21.308,01;21.384,28;603.256.411
  19.06.2017;21.444,75;21.528,99;21.436,08;21.528,99;289.397.979
  20.06.2017;21.521,25;21.535,03;21.464,24;21.467,14;310.195.548
  21.06.2017;21.466,39;21.492,62;21.390,00;21.410,03;292.497.301
  22.06.2017;21.407,98;21.456,47;21.394,81;21.397,29;270.677.267
  23.06.2017;21.380,92;21.421,79;21.333,89;21.394,76;368.402.950
  26.06.2017;21.434,68;21.506,21;21.381,25;21.409,55;241.881.336
  27.06.2017;21.411,19;21.440,60;21.310,66;21.310,66;292.172.136
  28.06.2017;21.372,36;21.478,75;21.372,36;21.454,61;271.510.863
  29.06.2017;21.487,38;21.487,38;21.197,08;21.287,03;336.748.500
  30.06.2017;21.348,60;21.426,12;21.325,08;21.349,63;313.257.748
  03.07.2017;21.392,30;21.562,75;21.391,71;21.479,27;186.811.745
  05.07.2017;21.492,83;21.505,36;21.404,76;21.478,17;273.692.983
  06.07.2017;21.423,93;21.433,10;21.305,38;21.320,04;320.449.368
  07.07.2017;21.354,66;21.425,82;21.350,72;21.414,34;242.238.704
  10.07.2017;21.381,23;21.446,39;21.371,11;21.408,52;270.344.074
  11.07.2017;21.410,17;21.441,62;21.279,30;21.409,07;247.569.159
  12.07.2017;21.467,93;21.580,79;21.467,93;21.532,14;267.866.974
  13.07.2017;21.537,19;21.568,72;21.512,36;21.553,09;232.267.736
  14.07.2017;21.532,77;21.681,53;21.521,72;21.637,74;235.590.149
  17.07.2017;21.633,97;21.661,81;21.617,66;21.629,72;244.776.628
  18.07.2017;21.589,94;21.589,94;21.471,14;21.574,73;251.107.175
  19.07.2017;21.569,25;21.640,75;21.565,84;21.640,75;253.038.172
  20.07.2017;21.641,54;21.661,91;21.576,96;21.611,78;313.946.392
  21.07.2017;21.591,72;21.592,61;21.503,78;21.580,07;362.832.271
  24.07.2017;21.577,78;21.577,78;21.496,13;21.513,17;284.080.710
  25.07.2017;21.638,56;21.670,62;21.577,37;21.613,43;304.300.450
  26.07.2017;21.690,38;21.742,70;21.683,29;21.711,01;278.244.555
  27.07.2017;21.717,42;21.798,47;21.687,85;21.796,55;407.321.375
  28.07.2017;21.787,51;21.841,18;21.756,12;21.830,31;285.634.661
  31.07.2017;21.863,39;21.929,80;21.861,71;21.891,12;307.611.007
  01.08.2017;21.961,42;21.990,96;21.940,81;21.963,92;328.405.532
  02.08.2017;22.004,36;22.036,10;21.967,46;22.016,24;336.824.836
  03.08.2017;22.007,58;22.044,85;21.991,32;22.026,10;278.731.064
  04.08.2017;22.058,39;22.092,81;22.024,64;22.092,81;253.635.270
  07.08.2017;22.100,20;22.121,15;22.081,97;22.118,42;213.012.378
  08.08.2017;22.095,14;22.179,11;22.057,29;22.085,34;262.001.939
  09.08.2017;22.022,34;22.057,19;21.996,69;22.048,70;277.800.071
  10.08.2017;21.988,20;21.988,20;21.843,94;21.844,01;303.310.539
  11.08.2017;21.883,32;21.911,09;21.842,74;21.858,32;237.794.973
  14.08.2017;21.945,64;22.019,23;21.945,64;21.993,71;235.030.636
  15.08.2017;22.029,91;22.038,92;21.971,48;21.998,99;269.071.907
  16.08.2017;22.031,93;22.085,71;22.002,47;22.024,87;264.916.452
  17.08.2017;21.984,74;21.984,74;21.750,32;21.750,73;311.028.699
  18.08.2017;21.724,88;21.793,35;21.641,63;21.674,51;309.073.881
  21.08.2017;21.671,36;21.718,74;21.600,34;21.703,75;277.876.084
  22.08.2017;21.739,78;21.912,83;21.738,13;21.899,89;244.978.327
  23.08.2017;21.850,27;21.866,66;21.808,39;21.812,09;234.807.991
  24.08.2017;21.839,90;21.870,11;21.765,82;21.783,40;228.483.511
  25.08.2017;21.819,08;21.906,86;21.812,81;21.813,67;217.565.475
  28.08.2017;21.832,50;21.861,49;21.767,94;21.808,40;218.737.154
  29.08.2017;21.718,00;21.879,22;21.673,58;21.865,37;227.344.772
  30.08.2017;21.859,76;21.914,26;21.839,47;21.892,43;242.838.357
  31.08.2017;21.936,01;21.985,76;21.910,50;21.948,10;376.789.635
  01.09.2017;21.981,77;22.038,97;21.974,91;21.987,56;256.235.180
  05.09.2017;21.912,37;21.921,09;21.709,63;21.753,31;332.839.873
  06.09.2017;21.815,76;21.849,24;21.794,07;21.807,64;318.760.497
  07.09.2017;21.820,38;21.850,01;21.745,71;21.784,78;333.813.349
  08.09.2017;21.764,43;21.846,63;21.731,12;21.797,79;289.404.747
  11.09.2017;21.927,79;22.067,10;21.927,79;22.057,37;312.767.595
  12.09.2017;22.090,56;22.134,57;22.087,09;22.118,86;364.578.608
  13.09.2017;22.103,47;22.158,18;22.095,79;22.158,18;291.888.922
  14.09.2017;22.144,96;22.216,44;22.135,26;22.203,48;297.784.942
  15.09.2017;22.252,44;22.275,02;22.214,52;22.268,34;527.542.645
  18.09.2017;22.297,92;22.355,62;22.283,35;22.331,35;302.736.157
  19.09.2017;22.349,70;22.386,01;22.340,71;22.370,80;295.574.117
  20.09.2017;22.351,38;22.413,26;22.314,68;22.412,59;334.556.613
  21.09.2017;22.414,02;22.419,51;22.356,55;22.359,23;287.387.049
  22.09.2017;22.334,07;22.364,31;22.299,58;22.349,59;297.144.434
  25.09.2017;22.320,47;22.359,88;22.219,11;22.296,09;332.434.931
  26.09.2017;22.322,03;22.369,35;22.279,52;22.284,32;285.985.735
  27.09.2017;22.330,93;22.371,10;22.254,93;22.340,71;342.895.412
  28.09.2017;22.306,83;22.394,74;22.288,97;22.381,20;263.014.914
  29.09.2017;22.358,47;22.405,63;22.332,96;22.405,09;274.792.549
  02.10.2017;22.423,47;22.559,38;22.416,00;22.557,60;268.532.434
  03.10.2017;22.564,45;22.646,32;22.562,90;22.641,67;238.828.932
  04.10.2017;22.645,67;22.685,94;22.632,80;22.661,64;235.729.645
  05.10.2017;22.669,08;22.777,04;22.655,14;22.775,39;246.399.818
  06.10.2017;22.762,03;22.773,67;22.730,85;22.773,67;221.452.360
  09.10.2017;22.779,73;22.803,37;22.739,38;22.761,07;310.766.091
  10.10.2017;22.784,76;22.850,51;22.770,99;22.830,68;319.270.510
  11.10.2017;22.827,65;22.872,89;22.821,66;22.872,89;315.995.141
  12.10.2017;22.854,85;22.884,82;22.821,13;22.841,01;291.787.535
  13.10.2017;22.876,43;22.905,33;22.855,93;22.871,72;259.557.190
  16.10.2017;22.892,92;22.960,12;22.887,12;22.956,96;247.183.989
  17.10.2017;22.952,41;23.002,20;22.948,23;22.997,44;273.086.151
  18.10.2017;23.087,13;23.172,93;23.086,75;23.157,60;271.870.357
  19.10.2017;23.107,47;23.167,24;23.052,67;23.163,04;350.401.742
  20.10.2017;23.205,18;23.328,84;23.201,78;23.328,63;474.384.144
  23.10.2017;23.348,95;23.368,37;23.273,96;23.273,96;456.826.305
  24.10.2017;23.346,78;23.485,25;23.343,23;23.441,76;406.849.657
  25.10.2017;23.431,09;23.451,51;23.251,11;23.329,46;399.559.884
  26.10.2017;23.380,89;23.459,84;23.380,89;23.400,86;370.599.812
  27.10.2017;23.419,16;23.449,40;23.353,16;23.434,19;518.872.825
  30.10.2017;23.405,75;23.428,75;23.327,87;23.348,74;436.898.796
  31.10.2017;23.369,22;23.406,35;23.334,39;23.377,24;388.047.394
  01.11.2017;23.442,90;23.517,71;23.388,91;23.435,01;361.260.772
  02.11.2017;23.463,24;23.531,38;23.350,98;23.516,26;348.039.232
  03.11.2017;23.549,59;23.557,06;23.481,57;23.539,19;312.254.782
  06.11.2017;23.533,96;23.574,86;23.520,75;23.548,42;325.185.312
  07.11.2017;23.574,03;23.602,12;23.484,19;23.557,23;285.084.687
  08.11.2017;23.542,60;23.575,00;23.510,56;23.563,36;264.674.152
  09.11.2017;23.492,09;23.516,74;23.310,02;23.461,94;305.441.240
  10.11.2017;23.432,71;23.452,20;23.392,96;23.422,21;351.276.179
  13.11.2017;23.367,47;23.461,68;23.343,34;23.439,70;491.256.527
  14.11.2017;23.388,40;23.414,08;23.271,57;23.409,47;561.333.670
  15.11.2017;23.334,59;23.344,99;23.242,75;23.271,28;404.296.121
  16.11.2017;23.365,34;23.492,19;23.365,34;23.458,36;402.023.569
  17.11.2017;23.433,77;23.433,77;23.356,01;23.358,24;385.995.445
  20.11.2017;23.370,71;23.456,88;23.360,58;23.430,33;315.328.726
  21.11.2017;23.500,15;23.617,80;23.500,15;23.590,83;329.649.477
  22.11.2017;23.597,24;23.605,77;23.507,61;23.526,18;268.756.002
  24.11.2017;23.552,75;23.599,18;23.551,59;23.557,99;118.612.873
  27.11.2017;23.552,86;23.638,92;23.545,02;23.580,78;296.318.453
  28.11.2017;23.625,19;23.849,61;23.617,11;23.836,71;319.237.515
  29.11.2017;23.883,26;23.959,76;23.872,59;23.940,68;401.410.469
  30.11.2017;24.013,80;24.327,82;24.013,80;24.272,35;488.202.965
  01.12.2017;24.305,40;24.322,06;23.921,90;24.231,59;417.906.578
  04.12.2017;24.424,11;24.534,04;24.288,19;24.290,05;424.250.147
  05.12.2017;24.335,01;24.349,74;24.155,28;24.180,64;371.188.931
  06.12.2017;24.171,90;24.229,35;24.134,49;24.140,91;312.724.140
  07.12.2017;24.116,60;24.262,88;24.101,24;24.211,48;319.060.597
  08.12.2017;24.263,26;24.330,12;24.225,50;24.329,16;293.588.460
  11.12.2017;24.338,11;24.389,72;24.314,74;24.386,03;300.583.950
  12.12.2017;24.452,96;24.552,97;24.443,83;24.504,80;342.223.357
  13.12.2017;24.525,19;24.666,02;24.518,30;24.585,43;325.280.821
  14.12.2017;24.631,01;24.672,48;24.508,66;24.508,66;314.779.504
  15.12.2017;24.585,71;24.688,62;24.584,44;24.651,74;635.738.761
  18.12.2017;24.739,56;24.876,07;24.739,56;24.792,20;354.882.350
  19.12.2017;24.834,38;24.850,11;24.715,60;24.754,75;335.329.470
  20.12.2017;24.838,09;24.852,44;24.697,11;24.726,65;341.786.187
  21.12.2017;24.778,26;24.850,91;24.766,27;24.782,29;339.531.731
  22.12.2017;24.764,04;24.784,15;24.717,51;24.754,06;255.140.781
  26.12.2017;24.715,84;24.778,13;24.708,42;24.746,21;208.286.634
  27.12.2017;24.766,52;24.789,52;24.731,68;24.774,30;225.885.903
  28.12.2017;24.807,21;24.839,23;24.797,13;24.837,51;200.962.924
  29.12.2017;24.849,63;24.871,66;24.719,22;24.719,22;270.762.444
  02.01.2018;24.809,35;24.864,19;24.741,70;24.824,01;341.134.048
  03.01.2018;24.850,45;24.941,92;24.825,55;24.922,68;456.793.775
  04.01.2018;24.964,86;25.105,96;24.963,27;25.075,13;403.284.166
  05.01.2018;25.114,92;25.299,79;25.112,01;25.295,87;358.016.755
  08.01.2018;25.308,40;25.311,99;25.235,41;25.283,00;341.393.776
  09.01.2018;25.312,05;25.439,78;25.308,41;25.385,80;333.492.245
  10.01.2018;25.348,13;25.404,92;25.256,99;25.369,13;341.469.629
  11.01.2018;25.398,60;25.575,42;25.396,19;25.574,73;346.825.849
  12.01.2018;25.638,39;25.810,43;25.633,08;25.803,19;376.394.515
  16.01.2018;25.987,62;26.086,12;25.702,99;25.792,86;606.523.591
  17.01.2018;25.910,78;26.130,45;25.865,02;26.115,65;522.716.054
  18.01.2018;26.149,55;26.153,42;25.947,32;26.017,81;492.782.309
  19.01.2018;25.987,35;26.071,72;25.942,83;26.071,72;584.996.840
  22.01.2018;26.025,32;26.215,23;25.974,65;26.214,60;431.202.321
  23.01.2018;26.214,87;26.246,19;26.143,90;26.210,81;433.491.901
  24.01.2018;26.282,07;26.392,80;26.106,94;26.252,12;518.793.172
  25.01.2018;26.313,06;26.458,25;26.259,72;26.392,79;401.389.646
  26.01.2018;26.466,74;26.616,71;26.425,35;26.616,71;477.775.204
  29.01.2018;26.584,28;26.608,90;26.435,34;26.439,48;421.001.036
  30.01.2018;26.198,45;26.256,99;26.028,42;26.076,89;448.330.852
  31.01.2018;26.268,17;26.338,03;26.050,98;26.149,39;479.131.019
  01.02.2018;26.083,04;26.306,70;26.014,44;26.186,71;410.622.631
  02.02.2018;26.061,79;26.061,79;25.490,66;25.520,96;522.877.741
  05.02.2018;25.337,87;25.520,53;23.923,88;24.345,75;714.449.396
  06.02.2018;24.085,17;24.946,23;23.778,74;24.912,77;823.936.440
  07.02.2018;24.892,87;25.293,96;24.785,44;24.893,35;504.623.230
  08.02.2018;24.902,30;24.903,68;23.849,23;23.860,46;657.504.273
  09.02.2018;23.992,67;24.382,14;23.360,29;24.190,90;735.033.934
  12.02.2018;24.337,76;24.765,16;24.290,48;24.601,27;496.609.143
  13.02.2018;24.540,33;24.705,72;24.421,03;24.640,45;374.408.378
  14.02.2018;24.535,82;24.925,95;24.490,36;24.893,49;431.155.979
  15.02.2018;25.047,82;25.203,95;24.809,42;25.200,37;416.784.418
  16.02.2018;25.165,94;25.432,42;25.149,26;25.219,38;406.729.453
  20.02.2018;25.124,91;25.179,01;24.884,19;24.964,75;421.506.882
  21.02.2018;24.988,06;25.267,99;24.792,99;24.797,78;456.065.206
  22.02.2018;24.855,41;25.156,72;24.854,83;24.962,48;378.904.006
  23.02.2018;25.050,51;25.313,91;25.028,73;25.309,99;335.420.530
  26.02.2018;25.403,35;25.732,80;25.398,56;25.709,27;473.357.477
  27.02.2018;25.735,78;25.800,35;25.407,83;25.410,03;438.394.103
  28.02.2018;25.485,15;25.576,15;25.022,42;25.029,20;451.872.251
  01.03.2018;25.024,04;25.185,35;24.442,56;24.608,98;506.279.358
  02.03.2018;24.394,91;24.592,46;24.217,76;24.538,06;437.130.059
  05.03.2018;24.471,31;24.961,00;24.387,15;24.874,76;383.913.608
  06.03.2018;24.965,89;24.995,24;24.708,41;24.884,12;331.766.021
  07.03.2018;24.758,15;24.849,68;24.535,12;24.801,36;394.070.603
  08.03.2018;24.853,41;24.950,49;24.703,05;24.895,21;327.297.318
  09.03.2018;25.004,89;25.336,33;25.004,89;25.335,74;371.572.275
  12.03.2018;25.372,44;25.449,15;25.152,02;25.178,61;362.575.273
  13.03.2018;25.257,75;25.376,40;24.947,50;25.007,03;447.875.720
  14.03.2018;25.086,97;25.130,12;24.668,83;24.758,12;356.832.403
  15.03.2018;24.837,29;25.053,87;24.753,29;24.873,66;316.306.467
  16.03.2018;24.877,34;25.031,00;24.857,09;24.946,51;654.243.624
  19.03.2018;24.893,69;24.893,69;24.453,14;24.610,91;377.993.116
  20.03.2018;24.650,64;24.803,61;24.650,64;24.727,27;342.512.596
  21.03.2018;24.723,49;24.977,65;24.655,40;24.682,31;343.232.266
  22.03.2018;24.526,01;24.526,01;23.938,74;23.957,89;439.276.831
  23.03.2018;23.995,18;24.108,47;23.509,06;23.533,20;482.550.591
  26.03.2018;23.825,74;24.232,30;23.741,22;24.202,60;479.539.901
  27.03.2018;24.276,62;24.446,22;23.708,73;23.857,71;524.484.313
  28.03.2018;23.883,08;24.092,47;23.728,67;23.848,42;530.035.339
  29.03.2018;23.949,18;24.314,30;23.928,13;24.103,11;463.547.667
  02.04.2018;24.076,60;24.123,80;23.344,52;23.644,19;509.823.310
  03.04.2018;23.698,33;24.044,35;23.664,33;24.033,36;394.132.226
  04.04.2018;23.654,15;24.308,96;23.523,16;24.264,30;388.535.142
  05.04.2018;24.313,91;24.622,26;24.313,91;24.505,22;347.788.143
  06.04.2018;24.373,60;24.434,40;23.738,20;23.932,76;395.985.226
  09.04.2018;24.037,52;24.373,18;23.954,83;23.979,10;380.794.022
  10.04.2018;24.198,95;24.511,35;24.198,95;24.408,00;368.588.468
  11.04.2018;24.274,19;24.366,57;24.150,87;24.189,45;286.362.392
  12.04.2018;24.302,82;24.592,12;24.302,82;24.483,05;336.126.213
  13.04.2018;24.582,82;24.646,45;24.243,74;24.360,14;331.885.760
  16.04.2018;24.483,15;24.675,36;24.480,20;24.573,04;305.067.042
  17.04.2018;24.681,79;24.858,97;24.681,79;24.786,63;342.409.606
  18.04.2018;24.820,85;24.832,54;24.721,09;24.748,07;302.026.350
  19.04.2018;24.711,30;24.762,48;24.557,03;24.664,89;381.114.870
  20.04.2018;24.657,39;24.678,07;24.375,04;24.462,94;537.769.284
  23.04.2018;24.488,07;24.536,89;24.328,54;24.448,69;351.034.918
  24.04.2018;24.579,94;24.579,94;23.828,73;24.024,13;468.175.686
  25.04.2018;24.070,20;24.146,34;23.823,08;24.083,83;437.103.293
  26.04.2018;24.128,72;24.402,46;24.128,72;24.322,34;390.362.226
  27.04.2018;24.342,14;24.359,38;24.194,45;24.311,19;392.806.021
  30.04.2018;24.410,41;24.498,23;24.163,08;24.163,15;416.652.391
  01.05.2018;24.117,29;24.117,29;23.808,19;24.099,05;380.066.052
  02.05.2018;24.097,63;24.185,52;23.886,30;23.924,98;385.346.919
  03.05.2018;23.836,23;23.996,15;23.531,31;23.930,15;389.239.720
  04.05.2018;23.865,22;24.333,35;23.778,87;24.262,51;329.482.313
  07.05.2018;24.317,66;24.479,45;24.263,42;24.357,32;307.674.344
  08.05.2018;24.341,35;24.412,34;24.198,34;24.360,21;344.935.025
  09.05.2018;24.399,18;24.586,48;24.323,87;24.542,54;361.584.696
  10.05.2018;24.591,66;24.794,99;24.575,91;24.739,53;304.209.370
  11.05.2018;24.758,64;24.868,65;24.717,50;24.831,17;274.145.837
  14.05.2018;24.879,37;24.994,19;24.862,52;24.899,41;282.855.588
  15.05.2018;24.809,55;24.809,55;24.629,39;24.706,41;301.903.205
  16.05.2018;24.722,32;24.801,19;24.672,79;24.768,93;280.812.814
  17.05.2018;24.752,40;24.839,49;24.639,40;24.713,98;314.650.345
  18.05.2018;24.707,72;24.774,97;24.664,87;24.715,09;269.696.371
  21.05.2018;24.883,06;25.086,49;24.883,06;25.013,29;308.921.612
  22.05.2018;25.047,55;25.064,99;24.812,06;24.834,41;288.204.714
  23.05.2018;24.757,71;24.889,46;24.667,12;24.886,81;399.609.887
  24.05.2018;24.877,36;24.877,36;24.605,90;24.811,76;347.051.120
  25.05.2018;24.781,29;24.824,22;24.687,81;24.753,09;257.211.712
  29.05.2018;24.606,59;24.635,18;24.247,84;24.361,45;395.806.456
  30.05.2018;24.467,83;24.714,48;24.459,09;24.667,78;324.874.267
  31.05.2018;24.620,79;24.620,79;24.352,15;24.415,84;429.743.177
  01.06.2018;24.542,09;24.673,60;24.542,09;24.635,21;315.707.314
  04.06.2018;24.727,55;24.859,37;24.722,14;24.813,69;340.399.579
  05.06.2018;24.820,12;24.838,78;24.710,82;24.799,98;306.341.502
  06.06.2018;24.854,14;25.146,46;24.854,14;25.146,39;316.089.540
  07.06.2018;25.192,14;25.326,09;25.164,48;25.241,41;357.682.477
  08.06.2018;25.209,29;25.325,63;25.165,70;25.316,53;317.511.830
  11.06.2018;25.336,67;25.402,83;25.290,20;25.322,31;276.743.816
  12.06.2018;25.346,82;25.364,37;25.247,04;25.320,73;265.748.474
  13.06.2018;25.328,65;25.362,07;25.191,42;25.201,20;329.699.709
  14.06.2018;25.254,65;25.332,50;25.138,60;25.175,31;341.168.401
  15.06.2018;25.116,71;25.130,82;24.894,38;25.090,48;659.373.330
  18.06.2018;24.944,28;25.003,10;24.825,77;24.987,47;337.066.859
  19.06.2018;24.763,59;24.763,59;24.567,75;24.700,21;376.383.912
  20.06.2018;24.771,17;24.804,76;24.628,39;24.657,80;359.523.502
  21.06.2018;24.639,21;24.639,21;24.406,63;24.461,70;349.565.852
  22.06.2018;24.526,97;24.663,18;24.526,97;24.580,89;473.965.052
  25.06.2018;24.463,73;24.463,73;24.084,39;24.252,80;439.131.327
  26.06.2018;24.281,89;24.384,21;24.241,22;24.283,11;301.133.715
  27.06.2018;24.303,11;24.569,02;24.115,82;24.117,59;313.787.551
  28.06.2018;24.064,19;24.308,16;23.997,21;24.216,05;305.018.652
  29.06.2018;24.323,93;24.509,52;24.269,71;24.271,41;329.069.195
  02.07.2018;24.161,53;24.319,42;24.077,56;24.307,18;244.111.824
  03.07.2018;24.359,39;24.444,88;24.150,85;24.174,82;160.955.003
  05.07.2018;24.285,82;24.372,80;24.177,44;24.356,74;237.669.484
  06.07.2018;24.352,47;24.520,29;24.281,47;24.456,48;219.445.921
  09.07.2018;24.519,20;24.796,52;24.518,43;24.776,59;240.581.867
  10.07.2018;24.806,97;24.945,38;24.806,97;24.919,66;235.039.730
  11.07.2018;24.789,48;24.815,16;24.663,82;24.700,45;237.371.386
  12.07.2018;24.802,90;24.939,97;24.802,90;24.924,89;233.154.674
  13.07.2018;24.926,07;25.043,21;24.890,06;25.019,41;255.515.254
  16.07.2018;25.025,58;25.072,41;24.979,64;25.064,36;231.268.652
  17.07.2018;25.033,92;25.155,39;24.989,61;25.119,89;250.445.290
  18.07.2018;25.133,79;25.215,32;25.101,12;25.199,29;252.867.312
  19.07.2018;25.139,15;25.154,17;25.052,62;25.064,50;285.756.362
  20.07.2018;25.041,14;25.124,10;24.986,35;25.058,12;274.076.404
  23.07.2018;25.036,90;25.081,45;24.983,33;25.044,29;228.824.272
  24.07.2018;25.092,43;25.286,62;25.092,43;25.241,94;274.943.600
  25.07.2018;25.183,70;25.432,87;25.113,55;25.414,10;273.670.253
  26.07.2018;25.468,55;25.587,24;25.463,16;25.527,07;297.528.339
  27.07.2018;25.520,52;25.580,22;25.370,07;25.451,06;329.677.338
  30.07.2018;25.439,32;25.500,16;25.287,38;25.306,83;296.883.690
  31.07.2018;25.345,21;25.490,98;25.345,21;25.415,19;348.698.789
  01.08.2018;25.461,63;25.488,80;25.278,32;25.333,82;315.876.982
  02.08.2018;25.256,45;25.360,48;25.120,07;25.326,16;307.698.980
  03.08.2018;25.360,37;25.467,90;25.325,17;25.462,58;239.020.889
  06.08.2018;25.437,43;25.540,02;25.381,38;25.502,18;238.991.513
  07.08.2018;25.551,65;25.692,72;25.551,65;25.628,91;239.909.085
  08.08.2018;25.615,72;25.634,11;25.557,48;25.583,75;217.774.326
  09.08.2018;25.589,79;25.613,31;25.492,69;25.509,23;214.968.846
  10.08.2018;25.401,19;25.401,19;25.222,88;25.313,14;234.483.391
  13.08.2018;25.327,19;25.381,39;25.153,93;25.187,70;219.993.413
  14.08.2018;25.215,69;25.339,51;25.201,87;25.299,92;219.211.007
  15.08.2018;25.235,37;25.235,37;24.965,77;25.162,41;295.808.254
  16.08.2018;25.294,97;25.607,34;25.294,97;25.558,73;338.710.756
  17.08.2018;25.550,80;25.728,16;25.521,66;25.669,32;284.155.866
  20.08.2018;25.727,70;25.790,17;25.716,41;25.758,69;248.572.791
  21.08.2018;25.786,99;25.888,82;25.784,90;25.822,29;241.622.509
  22.08.2018;25.825,06;25.836,16;25.722,43;25.733,60;200.476.676
  23.08.2018;25.714,86;25.762,56;25.608,02;25.656,98;213.274.458
  24.08.2018;25.688,58;25.826,05;25.688,58;25.790,35;200.325.379
  27.08.2018;25.882,71;26.067,57;25.882,71;26.049,64;220.510.695
  28.08.2018;26.092,70;26.122,24;26.037,85;26.064,02;211.469.199
  29.08.2018;26.082,53;26.167,94;26.035,30;26.124,57;214.955.750
  30.08.2018;26.099,01;26.104,37;25.934,80;25.986,92;240.442.269
  31.08.2018;25.964,85;26.028,83;25.879,77;25.964,82;273.440.918
  04.09.2018;25.916,07;25.971,77;25.805,95;25.952,48;254.595.460
  05.09.2018;25.919,84;26.011,22;25.871,04;25.974,99;289.213.800
  06.09.2018;25.973,02;26.073,68;25.880,84;25.995,87;262.380.970
  07.09.2018;25.951,02;26.002,99;25.818,39;25.916,54;281.345.232
  10.09.2018;25.991,91;26.039,96;25.854,13;25.857,07;252.172.030
  11.09.2018;25.841,14;26.019,92;25.754,32;25.971,06;265.961.439
  12.09.2018;25.989,07;26.145,72;25.929,43;25.998,92;282.772.318
  13.09.2018;26.083,94;26.191,64;26.067,08;26.145,99;260.800.881
  14.09.2018;26.169,56;26.211,11;26.068,29;26.154,67;228.639.745
  17.09.2018;26.151,66;26.184,47;26.030,35;26.062,12;230.226.538
  18.09.2018;26.076,21;26.317,34;26.076,21;26.246,96;242.997.029
  19.09.2018;26.287,84;26.464,41;26.280,76;26.405,76;251.328.907
  20.09.2018;26.519,39;26.697,49;26.519,39;26.656,98;260.480.927
  21.09.2018;26.726,25;26.769,16;26.680,37;26.743,50;657.619.646
  24.09.2018;26.705,25;26.709,94;26.548,68;26.562,05;254.854.178
  25.09.2018;26.601,58;26.634,85;26.475,58;26.492,21;234.114.854
  26.09.2018;26.536,86;26.606,09;26.349,34;26.385,28;262.615.478
  27.09.2018;26.418,27;26.557,01;26.379,95;26.439,93;226.353.415
  28.09.2018;26.407,66;26.515,76;26.383,57;26.458,31;264.027.878
  01.10.2018;26.598,36;26.737,98;26.596,05;26.651,21;238.324.837
  02.10.2018;26.648,91;26.824,78;26.627,66;26.773,94;258.290.243
  03.10.2018;26.833,47;26.951,81;26.789,08;26.828,39;280.131.792
  04.10.2018;26.784,08;26.793,82;26.471,61;26.627,48;289.595.648
  05.10.2018;26.632,77;26.676,16;26.301,81;26.447,05;267.102.727
  08.10.2018;26.399,45;26.529,35;26.223,09;26.486,78;273.021.894
  09.10.2018;26.469,19;26.539,94;26.324,16;26.430,57;282.561.110
  10.10.2018;26.441,73;26.441,73;25.593,65;25.598,74;438.198.279
  11.10.2018;25.518,39;25.683,64;24.899,77;25.052,83;522.876.538
  12.10.2018;25.407,63;25.467,55;25.000,83;25.339,99;397.514.630
  15.10.2018;25.332,46;25.482,42;25.243,88;25.250,55;287.323.190
  16.10.2018;25.351,53;25.817,68;25.351,53;25.798,42;305.801.884
  17.10.2018;25.705,87;25.810,09;25.479,16;25.706,68;298.211.385
  18.10.2018;25.645,56;25.691,46;25.236,01;25.379,45;328.018.526
  19.10.2018;25.421,09;25.608,71;25.350,02;25.444,34;350.808.678
  22.10.2018;25.492,14;25.561,34;25.236,05;25.317,41;314.941.053
  23.10.2018;25.038,46;25.307,70;24.768,79;25.191,43;436.433.048
  24.10.2018;25.172,88;25.306,23;24.533,19;24.583,42;496.402.013
  25.10.2018;24.736,54;25.104,29;24.645,56;24.984,55;439.669.566
  26.10.2018;24.770,25;24.916,16;24.445,19;24.688,31;505.313.987
  29.10.2018;24.818,98;25.040,58;24.122,23;24.442,92;443.846.224
  30.10.2018;24.482,04;24.906,68;24.415,69;24.874,64;470.048.861
  31.10.2018;25.008,82;25.336,55;25.008,82;25.115,76;448.931.303
  01.11.2018;25.142,08;25.396,47;25.108,11;25.380,74;383.972.742
  02.11.2018;25.443,60;25.578,98;25.078,72;25.270,83;429.479.986
  05.11.2018;25.261,47;25.507,35;25.261,47;25.461,70;334.742.493
  06.11.2018;25.452,83;25.651,86;25.444,90;25.635,01;265.452.799
  07.11.2018;25.788,46;26.200,14;25.765,88;26.180,30;361.784.617
  08.11.2018;26.139,59;26.277,82;26.081,90;26.191,22;295.647.537
  09.11.2018;26.149,11;26.161,49;25.882,91;25.989,30;324.453.598
  12.11.2018;25.959,33;25.966,71;25.340,51;25.387,18;346.905.429
  13.11.2018;25.321,21;25.511,03;25.193,78;25.286,49;339.694.637
  14.11.2018;25.388,08;25.501,29;24.935,82;25.080,50;384.243.467
  15.11.2018;25.061,48;25.354,56;24.787,79;25.289,27;392.754.253
  16.11.2018;25.242,35;25.510,23;25.147,80;25.413,22;354.461.249
  19.11.2018;25.392,61;25.392,61;24.900,98;25.017,44;358.093.278
  20.11.2018;24.618,68;24.707,26;24.368,98;24.465,64;445.919.702
  21.11.2018;24.541,65;24.669,79;24.463,28;24.464,69;289.369.131
  23.11.2018;24.336,40;24.408,80;24.268,74;24.285,95;155.942.556
  26.11.2018;24.364,13;24.673,29;24.364,13;24.640,24;306.276.154
  27.11.2018;24.557,02;24.750,73;24.416,03;24.748,73;308.249.415
  28.11.2018;24.832,84;25.368,93;24.832,84;25.366,43;362.160.937
  29.11.2018;25.343,65;25.479,04;25.202,79;25.338,84;305.105.944
  30.11.2018;25.307,14;25.549,71;25.250,97;25.538,46;482.249.445
  03.12.2018;25.779,57;25.980,21;25.670,51;25.826,43;388.482.798
  04.12.2018;25.752,56;25.773,12;25.008,11;25.027,07;418.899.245
  06.12.2018;24.737,42;24.951,01;24.242,22;24.947,67;471.687.936
  07.12.2018;24.918,82;25.095,62;24.284,78;24.388,95;398.231.061
  10.12.2018;24.360,95;24.500,81;23.881,37;24.423,26;389.690.618
  11.12.2018;24.719,91;24.791,26;24.221,06;24.370,24;342.962.559
  12.12.2018;24.509,09;24.828,29;24.509,09;24.527,27;344.328.643
  13.12.2018;24.575,86;24.740,96;24.473,29;24.597,38;299.972.456
  14.12.2018;24.408,04;24.431,14;24.033,79;24.100,51;416.943.303
  17.12.2018;23.986,83;24.088,08;23.456,88;23.592,98;466.739.992
  18.12.2018;23.769,13;23.927,77;23.516,02;23.675,64;408.070.546
  19.12.2018;23.693,33;24.057,34;23.162,64;23.323,66;503.548.604
  20.12.2018;23.224,12;23.282,20;22.644,31;22.859,60;576.699.643
  21.12.2018;22.871,74;23.254,59;22.396,34;22.445,37;900.514.486
  24.12.2018;22.317,28;22.339,87;21.792,20;21.792,20;308.419.010
  26.12.2018;21.857,73;22.878,92;21.712,53;22.878,45;433.078.561
  27.12.2018;22.629,06;23.138,89;22.267,42;23.138,82;407.941.465
  28.12.2018;23.213,61;23.381,88;22.981,33;23.062,40;336.509.798
  31.12.2018;23.153,94;23.333,18;23.118,30;23.327,46;288.830.889
  02.01.2019;23.058,61;23.413,47;22.928,59;23.346,24;321.566.851
  03.01.2019;23.176,39;23.176,39;22.638,41;22.686,22;424.238.479
  04.01.2019;22.894,92;23.518,64;22.894,92;23.433,16;396.015.724
  07.01.2019;23.474,26;23.687,74;23.301,59;23.531,35;334.203.936
  08.01.2019;23.680,32;23.864,65;23.581,45;23.787,45;317.423.120
  09.01.2019;23.844,27;23.985,45;23.776,56;23.879,12;324.574.321
  10.01.2019;23.811,11;24.014,78;23.703,25;24.001,92;338.145.444
  11.01.2019;23.940,01;23.996,32;23.798,16;23.995,95;262.647.497
  14.01.2019;23.880,53;23.964,90;23.765,24;23.909,84;277.558.125
  15.01.2019;23.914,11;24.099,14;23.887,93;24.065,59;291.574.850
  16.01.2019;24.139,91;24.288,61;24.119,72;24.207,16;302.833.511
  17.01.2019;24.147,09;24.474,46;24.088,90;24.370,10;288.587.672
  18.01.2019;24.534,19;24.750,22;24.459,03;24.706,35;372.972.531
  22.01.2019;24.607,76;24.607,76;24.244,31;24.404,48;338.482.742
  23.01.2019;24.577,25;24.700,98;24.307,17;24.575,62;318.598.510
  24.01.2019;24.579,96;24.626,30;24.422,73;24.553,24;320.169.486
  25.01.2019;24.687,21;24.860,15;24.676,75;24.737,20;376.894.369
  28.01.2019;24.596,98;24.596,98;24.323,94;24.528,22;347.165.349
  29.01.2019;24.519,62;24.674,87;24.504,04;24.579,96;330.865.211
  30.01.2019;24.826,52;25.109,62;24.790,90;25.014,86;397.331.664
  31.01.2019;24.954,48;25.049,62;24.842,09;24.999,67;507.346.037
  01.02.2019;25.025,31;25.193,15;24.982,49;25.063,89;372.090.231
  04.02.2019;25.062,12;25.239,91;24.977,67;25.239,37;298.542.215
  05.02.2019;25.287,93;25.427,32;25.287,65;25.411,52;310.652.360
  06.02.2019;25.371,57;25.439,04;25.312,06;25.390,30;247.594.509
  07.02.2019;25.265,81;25.314,26;25.000,52;25.169,53;295.462.963
  08.02.2019;25.042,36;25.106,39;24.883,04;25.106,33;248.209.479
  11.02.2019;25.142,81;25.196,75;25.009,10;25.053,11;241.695.723
  12.02.2019;25.152,03;25.458,98;25.152,03;25.425,76;278.114.833
  13.02.2019;25.480,86;25.625,95;25.480,86;25.543,27;263.327.708
  14.02.2019;25.460,65;25.558,90;25.308,09;25.439,39;313.010.162
  15.02.2019;25.564,63;25.883,72;25.564,63;25.883,25;328.525.803
  19.02.2019;25.849,85;25.961,44;25.820,01;25.891,32;280.623.803
  20.02.2019;25.872,26;25.986,20;25.846,48;25.954,44;287.876.547
  21.02.2019;25.922,41;25.938,88;25.762,21;25.850,63;255.708.683
  22.02.2019;25.906,27;26.052,90;25.906,27;26.031,81;279.759.596
  25.02.2019;26.126,15;26.241,42;26.080,66;26.091,95;281.602.984
  26.02.2019;26.051,61;26.155,29;25.966,01;26.057,98;257.845.762
  27.02.2019;25.995,60;26.039,68;25.877,24;25.985,16;255.375.789
  01.03.2019;26.019,67;26.143,92;25.914,37;26.026,32;289.887.755
  04.03.2019;26.122,19;26.155,98;25.611,55;25.819,65;295.505.843
  05.03.2019;25.829,07;25.877,15;25.725,63;25.806,63;252.263.057
  06.03.2019;25.818,76;25.837,61;25.633,71;25.673,46;256.249.895
  07.03.2019;25.645,45;25.645,45;25.352,55;25.473,23;289.144.133
  08.03.2019;25.347,38;25.466,14;25.252,46;25.450,24;270.496.061
  11.03.2019;25.208,00;25.661,63;25.208,00;25.650,88;309.792.305
  12.03.2019;25.600,30;25.675,44;25.522,17;25.554,66;317.734.092
  13.03.2019;25.637,23;25.776,49;25.571,31;25.702,89;331.410.054
  14.03.2019;25.692,31;25.752,84;25.621,31;25.709,94;302.790.797
  15.03.2019;25.720,96;25.927,91;25.649,70;25.848,87;616.907.676
  18.03.2019;25.801,88;25.924,77;25.785,66;25.914,10;303.173.601
  19.03.2019;25.987,87;26.109,68;25.814,92;25.887,38;342.252.131
  20.03.2019;25.867,79;25.929,52;25.670,63;25.745,67;321.984.384
  21.03.2019;25.688,44;26.009,90;25.657,78;25.962,51;335.254.229
  22.03.2019;25.844,65;25.877,01;25.501,45;25.502,32;386.508.044
  25.03.2019;25.490,72;25.603,27;25.372,26;25.516,83;303.118.299
  26.03.2019;25.649,56;25.796,29;25.544,78;25.657,73;305.107.721
  27.03.2019;25.676,34;25.758,17;25.425,27;25.625,59;270.344.810
  28.03.2019;25.693,32;25.743,41;25.576,69;25.717,46;237.173.302
  29.03.2019;25.827,31;25.949,32;25.771,67;25.928,68;300.617.436
  01.04.2019;26.075,10;26.280,90;26.071,69;26.258,42;295.566.558
  02.04.2019;26.213,55;26.221,24;26.122,31;26.179,13;250.935.381
  03.04.2019;26.238,03;26.282,17;26.138,47;26.218,13;271.975.335
  04.04.2019;26.213,42;26.398,90;26.212,78;26.384,63;233.044.083
  05.04.2019;26.427,56;26.487,57;26.370,82;26.424,99;229.551.516
  08.04.2019;26.312,67;26.344,65;26.246,03;26.341,02;229.379.600
  09.04.2019;26.243,54;26.246,34;26.103,14;26.150,58;244.407.525
  10.04.2019;26.173,71;26.209,49;26.101,24;26.157,16;203.125.061
  11.04.2019;26.188,21;26.229,88;26.062,59;26.143,05;211.676.792
  12.04.2019;26.357,79;26.436,68;26.309,72;26.412,30;369.907.759
  15.04.2019;26.407,76;26.424,85;26.316,42;26.384,77;250.621.585
  16.04.2019;26.482,19;26.530,71;26.397,19;26.452,66;302.342.646
  17.04.2019;26.468,53;26.501,02;26.391,86;26.449,54;367.775.652
  18.04.2019;26.463,37;26.602,42;26.444,53;26.559,54;332.851.328
  22.04.2019;26.510,77;26.553,05;26.458,61;26.511,05;232.571.284
  23.04.2019;26.513,83;26.695,96;26.503,56;26.656,39;311.690.686
  24.04.2019;26.652,56;26.680,58;26.582,86;26.597,05;283.374.260
  25.04.2019;26.426,37;26.536,48;26.310,28;26.462,08;296.727.634
  26.04.2019;26.454,62;26.543,56;26.392,55;26.543,33;317.288.250
  29.04.2019;26.559,87;26.602,54;26.520,75;26.554,39;279.446.016
  30.04.2019;26.594,56;26.614,04;26.419,47;26.592,91;340.317.079
  01.05.2019;26.639,06;26.689,39;26.426,38;26.430,14;303.847.096
  02.05.2019;26.407,15;26.454,69;26.180,36;26.307,79;287.611.404
  03.05.2019;26.379,14;26.534,96;26.370,09;26.504,95;248.903.966
  06.05.2019;26.160,62;26.476,27;26.033,95;26.438,48;283.021.471
  07.05.2019;26.276,90;26.276,90;25.789,71;25.965,09;334.956.843
  08.05.2019;25.933,79;26.118,10;25.889,41;25.967,33;276.418.295
  09.05.2019;25.878,85;25.884,89;25.517,39;25.828,36;334.764.829
  10.05.2019;25.763,72;26.019,32;25.469,86;25.942,37;294.575.347
  13.05.2019;25.568,06;25.568,06;25.222,51;25.324,99;361.235.284
  14.05.2019;25.384,03;25.688,96;25.384,03;25.532,05;291.574.372
  15.05.2019;25.400,13;25.724,89;25.341,94;25.648,02;270.716.265
  16.05.2019;25.692,14;25.957,63;25.692,14;25.862,68;320.955.051
  17.05.2019;25.719,95;25.948,74;25.657,78;25.764,00;283.756.872
  20.05.2019;25.655,31;25.751,71;25.560,55;25.679,90;279.556.852
  21.05.2019;25.782,34;25.898,27;25.779,61;25.877,33;260.873.480
  22.05.2019;25.818,46;25.878,21;25.755,11;25.776,61;241.755.269
  23.05.2019;25.657,99;25.657,99;25.328,09;25.490,47;316.937.262
  24.05.2019;25.551,07;25.670,81;25.496,20;25.585,69;201.370.464
  28.05.2019;25.616,55;25.717,63;25.342,28;25.347,77;364.845.853
  29.05.2019;25.231,46;25.231,46;24.938,24;25.126,41;298.930.426
  30.05.2019;25.139,94;25.218,54;25.066,75;25.169,88;215.244.420
  31.05.2019;25.046,31;25.046,31;24.809,51;24.815,04;292.231.385
  03.06.2019;24.830,16;24.935,21;24.680,57;24.819,78;328.235.054
  04.06.2019;24.962,82;25.343,77;24.962,82;25.332,18;281.688.224
  05.06.2019;25.451,00;25.544,66;25.373,58;25.539,57;262.658.324
  06.06.2019;25.567,45;25.800,30;25.518,05;25.720,66;248.068.144
  07.06.2019;25.768,72;26.072,75;25.768,72;25.983,94;263.011.043
  10.06.2019;26.090,22;26.210,61;26.054,31;26.062,68;249.276.197
  11.06.2019;26.180,59;26.248,67;25.998,87;26.048,51;253.486.766
  12.06.2019;26.040,30;26.082,10;25.958,66;26.004,83;223.691.849
  13.06.2019;26.036,94;26.146,91;25.995,71;26.106,77;213.396.960
  14.06.2019;26.076,36;26.162,28;25.988,09;26.089,61;208.023.993
  17.06.2019;26.108,53;26.165,78;26.049,80;26.112,53;199.495.942
  18.06.2019;26.228,88;26.527,19;26.227,76;26.465,54;273.485.882
  19.06.2019;26.490,16;26.569,75;26.415,05;26.504,00;240.947.088
  20.06.2019;26.665,38;26.798,63;26.539,69;26.753,17;278.165.159
  21.06.2019;26.749,12;26.907,37;26.705,87;26.719,13;485.562.238
  24.06.2019;26.727,61;26.806,52;26.723,37;26.727,54;232.389.229
  25.06.2019;26.731,61;26.752,31;26.527,66;26.548,22;282.163.200
  26.06.2019;26.599,42;26.660,04;26.536,33;26.536,82;274.338.528
  27.06.2019;26.523,72;26.607,24;26.465,32;26.526,58;246.929.846
  28.06.2019;26.605,93;26.638,35;26.522,27;26.599,96;499.348.325
  01.07.2019;26.805,86;26.890,64;26.616,21;26.717,43;285.350.219
  02.07.2019;26.719,53;26.787,56;26.632,65;26.786,68;219.268.965
  03.07.2019;26.832,32;26.966,00;26.831,44;26.966,00;123.533.689
  05.07.2019;26.867,75;26.950,81;26.733,33;26.922,12;192.171.316
  08.07.2019;26.835,64;26.839,14;26.744,87;26.806,14;214.290.073
  09.07.2019;26.725,12;26.807,70;26.665,57;26.783,49;218.330.307
  10.07.2019;26.851,96;26.983,45;26.813,11;26.860,20;207.989.938
  11.07.2019;26.950,16;27.088,45;26.916,32;27.088,08;252.304.479
  12.07.2019;27.139,49;27.333,79;27.135,45;27.332,03;248.386.381
  15.07.2019;27.364,69;27.364,69;27.294,17;27.359,16;199.725.008
  16.07.2019;27.349,32;27.398,68;27.290,24;27.335,63;225.998.674
  17.07.2019;27.320,91;27.343,06;27.218,38;27.219,85;196.775.910
  18.07.2019;27.191,98;27.266,81;27.068,79;27.222,97;218.821.655
  19.07.2019;27.246,38;27.342,96;27.145,78;27.154,20;287.691.866
  22.07.2019;27.174,18;27.227,77;27.088,90;27.171,90;226.949.931
  23.07.2019;27.231,86;27.368,81;27.204,58;27.349,19;250.797.407
  24.07.2019;27.262,24;27.291,04;27.191,12;27.269,97;245.881.077
  25.07.2019;27.247,39;27.298,43;27.062,48;27.140,98;244.021.675
  26.07.2019;27.166,00;27.213,70;27.123,25;27.192,45;243.198.930
  29.07.2019;27.192,24;27.275,85;27.178,06;27.221,35;259.316.069
  30.07.2019;27.145,39;27.224,36;27.069,86;27.198,02;293.245.226
  31.07.2019;27.244,67;27.281,65;26.719,60;26.864,27;388.998.694
  01.08.2019;26.879,86;27.175,59;26.548,71;26.583,42;390.486.288
  02.08.2019;26.528,66;26.570,02;26.249,22;26.485,01;335.720.547
  05.08.2019;26.259,23;26.259,23;25.523,38;25.717,74;423.371.149
  06.08.2019;25.810,62;26.038,68;25.710,87;26.029,52;322.972.533
  07.08.2019;25.814,22;26.073,21;25.440,39;26.007,07;350.086.694
  08.08.2019;26.086,52;26.383,61;26.038,10;26.378,19;283.591.730
  09.08.2019;26.337,09;26.413,36;26.097,64;26.287,44;241.933.511
  12.08.2019;26.169,91;26.178,95;25.824,94;25.897,71;200.584.203
  13.08.2019;25.888,88;26.426,97;25.833,25;26.279,91;309.613.241
  14.08.2019;26.035,08;26.035,08;25.471,59;25.479,42;357.003.312
  15.08.2019;25.514,25;25.639,69;25.339,60;25.579,39;335.796.782
  16.08.2019;25.678,17;25.929,65;25.678,17;25.886,01;276.211.728
  19.08.2019;26.020,06;26.222,32;26.020,06;26.135,79;252.641.570
  20.08.2019;26.086,86;26.160,12;25.952,00;25.962,44;238.102.064
  21.08.2019;26.145,36;26.268,32;26.141,77;26.202,73;208.793.338
  22.08.2019;26.271,64;26.388,78;26.099,01;26.252,24;222.813.620
  23.08.2019;26.134,21;26.320,29;25.507,18;25.628,90;364.263.518
  26.08.2019;25.826,05;25.941,25;25.716,39;25.898,83;222.781.662
  27.08.2019;26.014,46;26.054,02;25.721,85;25.777,90;263.534.623
  28.08.2019;25.712,99;26.041,57;25.637,43;26.036,10;207.073.375
  29.08.2019;26.249,09;26.408,84;26.185,71;26.362,25;212.189.486
  30.08.2019;26.476,39;26.514,62;26.295,59;26.403,28;219.080.574
  03.09.2019;26.198,26;26.198,26;25.978,22;26.118,02;223.214.343
  04.09.2019;26.301,99;26.362,35;26.244,44;26.355,47;202.713.946
  05.09.2019;26.603,15;26.836,30;26.603,15;26.728,15;256.669.696
  06.09.2019;26.790,25;26.860,87;26.708,39;26.797,46;209.701.007
  09.09.2019;26.866,23;26.900,83;26.762,18;26.835,51;273.124.282
  10.09.2019;26.805,83;26.909,43;26.717,05;26.909,43;322.336.658
  11.09.2019;26.928,05;27.137,04;26.885,48;27.137,04;272.593.525
  12.09.2019;27.197,32;27.306,73;27.105,01;27.182,45;254.654.881
  13.09.2019;27.216,67;27.277,55;27.193,95;27.219,52;255.255.186
  16.09.2019;27.146,06;27.172,87;27.032,56;27.076,82;220.615.012
  17.09.2019;27.076,82;27.110,80;26.984,14;27.110,80;223.580.614
  18.09.2019;27.075,39;27.161,93;26.899,15;27.147,08;215.597.528
  19.09.2019;27.186,05;27.272,17;27.064,21;27.094,79;216.441.516
  20.09.2019;27.102,18;27.194,75;26.926,68;26.935,07;512.570.944
  23.09.2019;26.851,45;27.011,07;26.831,34;26.949,99;214.827.007
  24.09.2019;27.034,07;27.079,68;26.704,96;26.807,77;307.430.578
  25.09.2019;26.866,71;27.016,56;26.755,86;26.970,71;237.224.692
  26.09.2019;27.004,11;27.015,07;26.803,84;26.891,12;230.797.781
  27.09.2019;26.987,26;27.012,54;26.715,82;26.820,25;217.784.018
  30.09.2019;26.852,33;26.998,86;26.852,33;26.916,83;228.479.364
  01.10.2019;26.962,54;27.046,21;26.562,22;26.573,04;272.179.227
  02.10.2019;26.425,86;26.438,04;25.974,12;26.078,62;312.726.938
  03.10.2019;26.039,02;26.205,20;25.743,46;26.201,04;249.021.900
  04.10.2019;26.271,70;26.590,74;26.271,70;26.573,72;224.487.374
  07.10.2019;26.502,33;26.655,84;26.424,54;26.478,02;197.506.774
  08.10.2019;26.276,59;26.421,81;26.139,80;26.164,04;251.424.509
  09.10.2019;26.308,23;26.424,31;26.249,75;26.346,01;191.746.829
  10.10.2019;26.317,35;26.603,31;26.314,51;26.496,67;217.677.369
  11.10.2019;26.694,20;27.013,97;26.694,20;26.816,59;283.534.185
  14.10.2019;26.766,43;26.874,33;26.749,18;26.787,36;178.616.453
  15.10.2019;26.811,20;27.120,11;26.811,20;27.024,80;247.477.217
  16.10.2019;26.972,31;27.058,34;26.943,29;27.001,98;218.236.573
  17.10.2019;27.032,38;27.112,16;26.970,29;27.025,88;225.057.346
  18.10.2019;27.004,49;27.018,25;26.770,13;26.770,20;293.611.416
  21.10.2019;26.852,67;26.852,67;26.747,62;26.827,64;241.030.765
  22.10.2019;26.850,43;26.946,64;26.782,61;26.788,10;265.512.351
  23.10.2019;26.835,24;26.896,89;26.745,00;26.833,95;247.678.885
  24.10.2019;26.893,93;26.931,78;26.714,34;26.805,53;259.641.323
  25.10.2019;26.789,61;27.015,37;26.765,68;26.958,06;274.613.074
  28.10.2019;27.040,33;27.167,88;27.028,71;27.090,72;290.771.927
  29.10.2019;27.061,07;27.165,94;27.039,76;27.071,42;269.610.084
  30.10.2019;27.110,71;27.204,36;26.999,64;27.186,69;231.753.787
  31.10.2019;27.188,37;27.188,37;26.918,29;27.046,23;273.829.857
  01.11.2019;27.142,95;27.347,43;27.142,95;27.347,36;272.073.898
  04.11.2019;27.402,06;27.517,58;27.402,06;27.462,11;273.033.191
  05.11.2019;27.500,23;27.560,36;27.453,55;27.492,63;293.956.281
  06.11.2019;27.502,74;27.526,05;27.407,81;27.492,56;243.187.265
  07.11.2019;27.590,16;27.774,67;27.590,16;27.674,80;263.577.159
  08.11.2019;27.686,20;27.694,95;27.578,97;27.681,24;222.786.014
  11.11.2019;27.580,66;27.714,39;27.517,67;27.691,49;204.621.806
  12.11.2019;27.701,59;27.770,86;27.635,32;27.691,49;213.668.945
  13.11.2019;27.622,04;27.806,40;27.587,20;27.783,59;278.387.733
  14.11.2019;27.757,20;27.800,71;27.676,97;27.781,96;303.969.519
  15.11.2019;27.843,54;28.004,89;27.843,54;28.004,89;288.905.454
  18.11.2019;27.993,22;28.040,97;27.969,24;28.036,22;252.323.351
  19.11.2019;28.079,76;28.090,21;27.894,52;27.934,02;256.618.145
  20.11.2019;27.879,55;27.897,28;27.675,28;27.821,09;260.236.030
  21.11.2019;27.820,28;27.828,33;27.708,34;27.766,29;232.017.828
  22.11.2019;27.831,23;27.898,46;27.773,98;27.875,62;218.577.715
  25.11.2019;27.917,77;28.068,69;27.917,77;28.066,47;248.416.862
  26.11.2019;28.080,75;28.146,02;28.042,21;28.121,68;329.801.247
  27.11.2019;28.156,47;28.174,97;28.075,23;28.164,00;198.214.755
  29.11.2019;28.103,16;28.119,51;28.042,53;28.051,41;101.680.370
  02.12.2019;28.109,74;28.109,84;27.782,35;27.783,04;236.605.003
  03.12.2019;27.501,98;27.524,74;27.325,13;27.502,81;275.353.249
  04.12.2019;27.634,63;27.727,45;27.612,08;27.649,78;218.199.299
  05.12.2019;27.736,05;27.745,20;27.562,80;27.677,79;219.994.940
  06.12.2019;27.839,68;28.035,85;27.839,68;28.015,06;224.829.594
  09.12.2019;27.987,05;28.010,42;27.906,14;27.909,60;219.073.850
  10.12.2019;27.900,65;27.949,02;27.804,00;27.881,72;215.808.353
  11.12.2019;27.867,31;27.925,50;27.801,80;27.911,30;221.702.190
  12.12.2019;27.898,34;28.224,95;27.859,87;28.132,05;277.742.377
  13.12.2019;28.123,64;28.290,73;28.028,32;28.135,38;254.807.841
  16.12.2019;28.191,67;28.337,49;28.191,67;28.235,89;286.767.526
  17.12.2019;28.221,75;28.328,63;28.220,56;28.267,16;286.765.429
  18.12.2019;28.291,44;28.323,25;28.239,28;28.239,28;289.892.362
  19.12.2019;28.278,31;28.381,48;28.278,24;28.376,96;262.571.679
  20.12.2019;28.608,64;28.608,64;28.445,60;28.455,09;603.779.257
  23.12.2019;28.491,78;28.582,49;28.491,78;28.551,53;233.466.523
  24.12.2019;28.572,57;28.576,80;28.503,21;28.515,45;95.285.645
  26.12.2019;28.539,46;28.624,10;28.535,15;28.621,39;155.972.128
  27.12.2019;28.675,34;28.701,66;28.608,98;28.645,26;184.932.114
  30.12.2019;28.654,76;28.664,69;28.428,98;28.462,14;185.068.232
  31.12.2019;28.414,64;28.547,35;28.376,49;28.538,44;193.341.784
 