date,opening,Enough,Day high,Day low,volume
1/11/2021,"13,800",-,"13,800","13,800",-
12/30/2020,"12,000","12,000","12,000","12,000",-
29-Dec-20,"12,100","12,000","12,100","12,000",-
28-Dec-20,"12,000","12,000","12,000","12,000",-
23-Dec-20,"11,900","11,900","11,900","11,900",-
12/22/2020,"12,100","12,100","12,100","12,100",-
21-Dec-20,"12,200","12,100","12,200","12,100",-
18-Dec-20,"12,300","12,300","12,300","12,300",-
17-Dec-20,"12,200","12,200","12,300","12,200",-
16-Dec-20,"12,500","12,400","12,500","12,400",-
15-Dec-20,"12,400","12,500","12,500","12,400",-
14-Dec-20,"12,700","12,700","12,800","12,700",-
12/11/2020,"12,800","12,800","12,800","12,700",-
10-Dec-20,"12,700","13,300","13,300","12,700",21st
"December 9th, 2020","13,200","13,200","13,200","13,200",-
"December 8th, 2020","12,900","12,900","12,900","12,900",-
7-Dec-20,"12,900","12,900","12,900","12,900",-
"December 4th, 2020","12,800","12,900","12,900","12,800",-
"December 3rd, 2020","13,000","13,100","13,100","13,000",-
02.12.2020,"13,300","13,300","13,300","13,200",-
1-Dec-20,"13,300","13,200","13,300","13,200",-
11/30/2020,"13,000","12,900","13,000","12,900",-
11/27/2020,"13,300","13,300","13,900","13,300",16
11/26/2020,"13,200","13,200","13,200","13,200",-
11/25/2020,"13,500","13,400","13,500","13,400",-
11/24/2020,"13,200","13,100","13,200","13,100",-
11/23/2020,"13,100","13,100","13,100","13,100",-
11/20/2020,"13,100","13,100","13,100","13,100",-
11/19/2020,"13,300","13,300","13,300","13,300",-
11/18/2020,"13,400","13,600","13,600","13,400",-
11/17/2020,"13,900","13,800","13,900","13,800",-
11/16/2020,"13,500","13,500","13,500","13,500",-
11/13/2020,"13,100","13,200","13,200","13,100",-
11/12/2020,"13,600","13,500","13,800","13,500",-
11/11/2020,"14,100","14,000","14,100","14,000",-
11/10/2020,"13,800","13,800","13,800","13,800",35
9/11/2020,"12,800","12,600","12,800","12,600",-
11/6/2020,"12,700","12,400","12,700","12,400",-
5/11/2020,"12,300","12,000","12,300","12,000",-
4/11/2020,"12,900","13,100","13,100","12,800",-
3/11/2020,"12,700","12,800","12,800","12,700",-
11/2/2020,"12,800","12,700","12,800","12,600",-
10/30/2020,"12,300","12,200","12,300","12,100",-
29-Oct-20,"12,600","12,600","12,600","12,600",-
28.10.2020,"12,700","12,700","12,800","12,700",-
27-Oct-20,"12,900","13,000","13,000","12,900",-
10/26/2020,"13,100","13,100","13,100","13,100",-
23/10/2020,"13,300","13,300","13,300","13,200",-
10/22/2020,"12,700","12,900","12,900","12,700",-
21-Oct-20,"12,800","12,800","12,800","12,800",-
20-Oct-20,"12,400","12,300","12,400","12,300",-
19-Oct-20,"12,700","12,600","12,700","12,600",-
16.10.2020,"12,600","12,600","12,600","12,600",-
15-Oct-20,"12,600","12,700","12,700","12,600",-
10/14/2020,"12,600","12,600","12,600","12,600",-
13/10/2020,"12,800","12,800","12,800","12,700",-
10/12/2020,"12,700","12,700","12,700","12,700",-
9/10/2020,"12,700","12,600","12,700","12,600",-
8/10/2020,"12,500","12,500","12,500","12,500",-
07.10.2020,"12,500","12,500","12,500","12,500",-
06.10.2020,"12,400","12,400","12,400","12,400",-
5/10/2020,"12,100","12,100","12,100","12,100",-
02.10.2020,"11,800","11,700","11,800","11,700",-
1/10/2020,"12,000","12,000","12,000","12,000",-
9/30/2020,"11,800","11,800","11,800","11,800",-
29.09.2020,"12,200","12,000","12,200","12,000",-
9/28/2020,"12,200","12,200","12,200","12,100",-
9/25/2020,"12,000","12,000","12,000","12,000",-
9/24/2020,"12,000","12,000","12,000","12,000",-
23.09.2020,"12,100","12,100","12,100","12,100",-
9/22/2020,"12,400","12,400","12,400","12,400",-
9/21/2020,"12,300","12,400","12,400","12,300",-
18-Sep-20,"12,300","12,300","12,400","12,300",-
17.09.2020,"12,300","12,400","12,400","12,300",-
16.09.2020,"12,400","12,400","12,400","12,300",-
15-Sep-20,"12,400","12,500","12,500","12,400",-
14.09.2020,"12,400","12,500","12,500","12,400",-
9/11/2020,"12,300","12,300","12,300","12,300",-
9/10/2020,"12,200","12,100","12,200","12,100",-
09.09.2020,"12,100","12,000","12,100","12,000",-
08.09.2020,"12,200","12,300","12,300","12,200",-
07.09.2020,"12,300","12,300","12,300","12,300",-
04.09.2020,"12,200","12,100","12,300","12,100",-
03.09.2020,"12,300","12,300","12,300","12,300",-
02.09.2020,"12,200","12,300","12,300","12,200",-
9/1/2020,"12,300","12,300","12,400","12,300",-
8/31/2020,"12,500","12,500","12,500","12,400",-
8/28/2020,"12,300","12,400","12,400","12,300",-
8/27/2020,"12,000","12,000","12,000","12,000",-
8/26/2020,"12,200","12,200","12,200","12,200",-
8/25/2020,"12,000","12,000","12,000","12,000",-
8/24/2020,"12,000","12,000","12,000","12,000",-
8/21/2020,"11,700","11,700","11,800","11,700",-
8/20/2020,"11,600","11,700","11,700","11,600",-
8/19/2020,"11,600","11,600","11,600","11,600",-
8/18/2020,"11,800","11,800","11,800","11,700",-
8/17/2020,"11,800","11,900","11,900","11,800",-
8/14/2020,"11,700","11,700","11,800","11,700",-
8/13/2020,"11,600","11,600","11,600","11,600",-
8/12/2020,"11,300","11,700","11,700","11,300",-
8/11/2020,"11,100","11,000","11,100","11,000",-
8/10/2020,"10,300",10.2,"10,300",10.2,-
8/7/2020,"10,300","10,300","10,300",10.2,-
8/6/2020,10.2,10.2,10.2,10.2,-
8/5/2020,10.2,10.1,"10,300",10.1,-
8/4/2020,"10,400","10,400","10,400","10,400",-
8/3/2020,"9,950","9,950","10,000","9,950",-
7/31/2020,"9,750","9,550","9,750","9,550",-
7/30/2020,10.2,10.2,10.2,10.1,-
7/29/2020,"10,300",10.2,"10,300",10.2,-
7/28/2020,"10,400","10,500","10,500","10,400",-
7/27/2020,"10,400","10,400","10,500","10,400",-
7/24/2020,"10,400","10,500","10,500","10,400",-
7/23/2020,10.2,"10,400","10,400",10.2,-
7/22/2020,"10,400",10.2,"10,400",10.2,-
7/21/2020,"10,500","10,600","10,600","10,500",-
7/20/2020,"10,600","10,700","10,700","10,600",-
7/17/2020,"10,800","10,800","10,800","10,800",-
16-Jul-20,"11,100","11,100","11,100","11,000",-
7/15/2020,"11,000","11,000","11,000","11,000",-
7/14/2020,"10,900","10,800","10,900","10,800",-
7/13/2020,"10,700","10,700","10,700","10,700",-
7/10/2020,"10,500","10,600","10,600","10,500",-
7/9/2020,"10,800","10,700","10,800","10,700",-
7/8/2020,"10,900","10,900","10,900","10,900",-
7/7/2020,"11,100","11,100","11,100","11,100",-
7/6/2020,"11,100","11,100",11.2,"11,100",-
7/3/2020,"10,900","10,900","10,900","10,900",-
7/2/2020,"10,800","10,800","10,800","10,800",-
7/1/2020,"10,600","10,500","10,700","10,500",284
6/30/2020,"10,500","10,400","10,500","10,400",-
6/29/2020,"10,500","10,600","10,600","10,500",-
6/26/2020,"10,800","10,800","10,800","10,800",-
6/25/2020,"10,700","10,800","10,800","10,700",-
6/24/2020,"11,000","11,100","11,100","11,000",-
23-Jun-20,"11,100","11,100","11,100","11,100",-
6/22/2020,"11,300",11.2,"11,300",11.2,-
6/19/2020,"11,300","11,300","11,300","11,300",-
6/18/2020,"11,500","11,500","11,500","11,500",-
17-Jun-20,"11,600","11,700","11,700","11,600",-
16-Jun-20,"11,700","11,700","11,900","11,700",-
15-Jun-20,11.2,"11,100",11.2,"11,100",-
6/12/2020,11.2,"11,000",11.2,"11,000","1,000"
6/11/2020,"11,600","11,400","11,600","11,400",-
6/10/2020,"12,200","12,300","12,800","12,200",35
6/9/2020,"12,600","12,500","12,600","12,400",-
6/8/2020,"12,500","12,600","12,600","12,500",-
6/5/2020,"11,800","11,800","11,900","11,800",-
04.06.2020,11.2,"11,100",11.2,"11,100",-
6/3/2020,"11,400","11,500","11,500","11,400",-
6/2/2020,"11,400","11,300","11,400","11,300",-
5/29/2020,"11,700","11,600","11,700","11,600",-
5/28/2020,"11,900","11,800","11,900","11,800",-
5/27/2020,"11,300","11,300","11,300",11.2,-
5/26/2020,"10,700","10,700","10,700","10,700",-
5/25/2020,"10,300","10,300","10,400",10.2,-
5/22/2020,10.1,10.1,10.2,10.1,-
5/21/2020,"10,600","10,600","10,600","10,500",-
5/20/2020,"10,600","10,600","10,600","10,600",-
5/19/2020,"10,700","10,600","10,700","10,600",-
18-May-20,"10,500","10,600","10,600","10,500",-
5/15/2020,"11,000","10,900","11,000","10,900",-
5/14/2020,"11,100","11,100","11,100","11,000",-
5/13/2020,11.2,11.2,11.2,11.2,-
5/12/2020,11.2,"11,300","11,300",11.2,-
5/11/2020,"11,400",11.2,"11,400",11.2,-
5/8/2020,"11,100","11,100","11,100","11,100",-
5/7/2020,"11,000","11,100","11,100","11,000",-
5/6/2020,"11,400","11,500","11,500","11,400",-
5/5/2020,"11,300","11,400","11,400","11,300",-
5/4/2020,"11,500",11.2,"11,500",11.2,-
4/30/2020,"11,600","11,500","11,600","11,500",-
4/29/2020,"11,400","11,400","11,400","11,400",-
4/28/2020,"11,300","11,400","11,500","11,300",-
27-Apr-20,11.2,11.2,11.2,11.2,-
24-Apr-20,"10,700","10,700","10,800","10,700",-
4/23/2020,"10,500","10,400","11,100","10,400",900
4/22/2020,"10,300","10,300","10,300",10.2,-
4/21/2020,"10,800","10,800","10,800","10,700",-
20-Apr-20,11.2,"11,100",11.2,"11,100",-
17-Apr-20,11.2,"11,000",11.2,"11,000",-
16-Apr-20,11.2,11.2,11.2,11.2,-
15-Apr-20,"11,300","11,100","11,300","11,100",-
4/14/2020,"11,300","11,300","11,300","11,300",-
4/9/2020,"11,300","11,300","11,300","11,300",-
"April 8th, 2020","11,400","11,400","11,400","11,400",-
4/7/2020,"11,500","11,500","11,600","11,500",-
4/6/2020,"11,000","11,000","11,000","11,000",-
4/3/2020,"10,600","10,600","10,700","10,600",-
4/2/2020,"10,400","10,500","10,500","10,400",-
4/1/2020,"10,600","10,700","10,700","10,600",-
31-Mar-20,"10,600","10,800","10,800","10,600",-
30-Mar-20,"10,700","10,800","10,800","10,700",-
27-Mar-20,"11,100","10,900","11,100","10,900",-
26-Mar-20,"10,800","11,300","11,300","10,800",-
25-Mar-20,"11,000","11,000","11,000","11,000",-
24-Mar-20,10.2,"10,600","10,600",10.2,-
3/23/2020,"9,650","9,500","9,750","9,500",-
20-Mar-20,"9,750","9,550","10,000","9,550",-
19-Mar-20,"9,500","9,650","9,750","9,400",-
3/18/2020,"9,000",9.25,9.25,"8,900",69
17-Mar-20,"8,850","8,850","8,900","8,550",-
16-Mar-20,"8,750","8,500","8,800","8,500",-
13-Mar-20,"8,950","9,100","9,350","8,950",500
3/12/2020,"9,550","9,200","9,550","9,200",-
3/11/2020,10.1,"10,000",10.1,"10,000",-
3/10/2020,"9,950","9,950","10,000","9,850",-
"March 9th, 2020","9,950","10,000","10,300","9,950",500
3/6/2020,"11,100","11,000","11,100","11,000",-
05.03.2020,"11,500","11,400","11,500","11,400",-
"March 4th, 2020","11,500","11,600","11,600","11,500",-
03.03.2020,"11,700","11,700","11,800","11,700",-
02.03.2020,"11,900","11,900","12,000","11,800",-
2/28/2020,"12,100","12,100","12,200","12,000",-
2/27/2020,"12,500","12,300","12,500","12,200",-
2/26/2020,"12,800","12,900","12,900","12,800",-
2/25/2020,"13,000","12,900","13,500","12,900",35
24-Feb-20,"13,300","13,200","13,300","13,100",-
2/21/2020,"13,400","13,300","13,400","13,300",-
2/20/2020,"13,300","13,200","13,300","13,200",-
2/19/2020,"13,500","13,400","13,500","13,400",-
2/18/2020,"13,600","13,500","13,600","13,500",-
2/17/2020,"13,800","13,800","13,800","13,800",-
2/14/2020,14.2,14.2,14.2,14.2,-
2/13/2020,"14,400","14,400","14,400",14.3,-
2/12/2020,"14,400","14,500","14,500","14,400",-
2/11/2020,"14,600","14,600","14,600","14,600",-
2/10/2020,"14,500","14,600","14,600","14,500",-
2/7/2020,"14,400","14,400","14,400","14,400",-
2/6/2020,14.3,"14,100",14.3,"14,100",-
2/5/2020,"13,800","13,900","13,900","13,800",-
2/4/2020,"13,500","13,600","13,600","13,500",-
2/3/2020,"13,400","13,400","13,500","13,400",-
31-Jan-20,"13,500","13,400","13,500","13,400",-
1/30/2020,"13,500","13,400","13,500","13,400",-
1/29/2020,"13,600","13,600","13,600","13,600",-
1/28/2020,"13,500","13,500","13,500","13,500",-
1/27/2020,"13,500","13,500","13,500","13,400",-
1/24/2020,"13,800","13,700","13,800","13,700",-
1/23/2020,"14,000","14,000","14,000","14,000",-
1/22/2020,"14,000","14,000","14,000","14,000",-
1/21/2020,"13,900","14,000","14,000","13,900",-
1/20/2020,"14,000","14,000","14,000","14,000",-
17-Jan-20,"13,800","13,800","13,900","13,800",-
16-Jan-20,"13,800","13,900","13,900","13,800",-
15-Jan-20,"14,000","14,000","14,000","14,000",-
1/14/2020,"14,000","14,000","14,000","14,000",-
1/13/2020,"14,100","14,100","14,100","14,100",-
1/10/2020,14.2,"14,100",14.2,"14,100",-
1/9/2020,"14,100","14,100","14,100","14,100",-
1/8/2020,"14,000","14,000","14,000","14,000",-
7/1/2020,14.3,"14,400","14,400",14.3,-
1/6/2020,14.3,14.2,14.3,14.2,-
3/1/2020,"14,700","14,700","14,700","14,700",-
2/1/2020,"14,600","14,600","14,600","14,500",-
12/30/2019,"14,500","14,500","14,500","14,500",-
27-Dec-19,14.724,"14,660",14.724,"14,660",-
23-Dec-19,"14,982","14,980",14.986,"14,980",-
20-Dec-19,14.948,14.964,14.964,"14,936",-
19-Dec-19,14.836,"14,894","14,894",14.834,-
18-Dec-19,"14,920","14,922","14,922",14.916,-
17-Dec-19,"14,962",14.972,14.972,"14,962",-
16-Dec-19,"14,932","14,894","14,932","14,894",-
12/13/2019,"14,928",15.026,15.026,14.916,-
12/12/2019,"14,584","14,526","14,592","14,526",-
11-Dec-19,14.762,14.762,14.772,14.762,-
10-Dec-19,14.818,14.772,14.818,14.772,-
9-Dec-19,14.886,"14,870","14,898","14,870",-
6-Dec-19,"14,570",14.638,14.638,"14,570",-
05.12.2019,"14,544","14,532","14,544","14,516",-
4/12/2019,"14,436",14.386,"14,440",14.386,-
3-Dec-19,"14,426","14,496",14.504,"14,426",-
02.12.2019,14.226,"14,220",14.23,14.206,-
11/29/2019,14.27,14.266,14.27,14.266,-
11/28/2019,14.344,14.34,14.35,14.34,-
11/27/2019,"14,412",14.404,"14,420",14.404,-
11/26/2019,"14,426",14.402,"14,426",14.402,-
11/25/2019,14.364,14.376,14.384,14.358,-
11/22/2019,14.126,"14,170","14,172",14.122,-
11/21/2019,"13,952","13,958","13,962","13,934",-
11/20/2019,14.124,14.116,14.148,14.102,-
19-Nov-19,14.628,14.648,14.648,14.622,-
11/18/2019,14.666,14.666,14.678,14.632,-
11/15/2019,15.008,"14,942",15.018,"14,942",-
11/14/2019,14.792,"15,566","15,566",14.784,7th
11/13/2019,"14,970",15.022,15.026,"14,970",-
11/12/2019,15.236,15.296,15.296,15.236,-
11/11/2019,15.236,15.214,15.244,15.21,-
11/8/2019,15.102,15.16,15.16,"15,100",-
7/11/2019,14.986,15.656,15.656,14.896,139
6/11/2019,14.914,14.914,"14,922","14,898",-
5/11/2019,14.628,14.656,"14,660",14.606,-
4/11/2019,"13,996","13,982","13,998","13,982",-
11/1/2019,14.034,14.056,14.056,14.032,-
31-Oct-19,14.36,"14,450","14,464",14.356,-
10/30/2019,"14,640",14.628,"14,640",14.628,-
29-Oct-19,14.792,14.776,14.822,14.772,-
28-Oct-19,14.648,14.602,14.648,14.602,-
10/25/2019,"14,430","14,482","14,482","14,426",-
24-Oct-19,"14,522","14,438","14,522","14,438",-
23/10/2019,"14,426",14.398,"14,436",14.398,-
10/22/2019,"14,128","14,162","14,162",14.126,-
21-Oct-19,"14,188",14.14,"14,188",14.114,-
18-Oct-19,14.038,14.018,14.052,14.004,-
17-Oct-19,"13,872","13,840","13,884","13,836",-
16-Oct-19,14.016,14.006,14.05,14.006,-
15-Oct-19,14.03,"13,952",14.064,"13,952",-
14-Oct-19,13.602,"13,592",13.622,"13,592",-
10/11/2019,13.668,"13,546",13.668,"13,538",-
10/10/2019,"13,442","13,346","13,442","13,342",-
9/10/2019,13.632,"13,568",13.638,"13,568",-
8/10/2019,"13,694",13.764,13.768,"13,692",-
07.10.2019,"13,518","13,800","13,800","13,512",-
04.10.2019,"13,500","13,500","13,524","13,494",-
2-Oct-19,13.976,"13,996",14.01,"13,930",-
1-Oct-19,13.986,14.01,14.02,13.966,-
9/30/2019,"13,482","13,486",13.508,"13,466",-
9/27/2019,"13,576","13,514",13.602,"13,510",-
9/26/2019,"13,550","13,544","13,556","13,530",-
9/25/2019,"13,398",13.402,13.404,"13,392",-
9/24/2019,"13,434","13,444","13,454",13.402,-
9/23/2019,"13,284","13,356","13,394","13,282",-
9/20/2019,"13,254","13,284","13,284","13,218",-
19.09.2019,"13,364",13.302,"13,364",13.296,-
18-Sep-19,"13,356","13,344","13,360","13,330",-
9/17/2019,"13,600","13,548",13.612,"13,548",-
16.09.2019,13.244,"13,680","13,680","12,922",78
13.09.2019,"13,536","13,574","13,574","13,536",-
9/12/2019,"13,540","13,478","13,642","13,452",-
9/11/2019,"13,536","13,594",13.606,"13,484",-
9/10/2019,12.784,12.792,"12,810",12.776,-
09.09.2019,"12,464","12,438","12,490","12,436",-
9/6/2019,12.376,12.404,12.408,"12,364",-
05.09.2019,"12,320",12.234,"12,320",12.21,-
04.09.2019,"12,166",12.088,"12,170",12.088,-
9/3/2019,"12,280",12.278,"12,280",12.262,-
02.09.2019,"12,180","12,176","12,180","12,166",-
8/30/2019,12.006,12.096,12.096,12.004,-
8/29/2019,"11,818","11,800","11,838","11,800",-
8/28/2019,"11,830","11,818","11,832",11.814,-
8/27/2019,"11,832","11,828","11,842",11.808,-
8/26/2019,"11,818",11.758,11.824,11.758,-
8/23/2019,11.856,"11,888","11,888","11,844",-
8/22/2019,11.656,11.666,"11,688",11.654,-
8/21/2019,"11,520","11,518",12.088,"11,514",18th
8/20/2019,11.456,"11,474","11,484",11.456,-
19-Aug-19,"11,346",11.63,11.63,"11,342",-
8/16/2019,"11,280","11,540","11,540",11.272,-
8/15/2019,11.292,"11,570","11,570",11.272,-
8/14/2019,"11,400","11,516","11,516","11,398",-
8/13/2019,11.298,11.186,11.304,"11,140",-
8/12/2019,"11,818","11,818","11,872","11,818",-
8/9/2019,11.79,"11,800",11.804,11.772,-
8/8/2019,11.792,11.778,11.814,11.77,-
8/7/2019,12.002,"12,042",12.048,12.002,-
8/6/2019,11.976,12.01,12.61,11.976,179
8/5/2019,"12,332",12.204,"12,332",12.204,-
8/2/2019,"12,692","12,708","13,318",12.684,112
8/1/2019,"12,898",13.004,13.014,"12,884",-
31-Jul-19,"12,960","13,270","13,270",12.948,-
7/30/2019,"12,872","12,902","13,548","12,872",74
7/29/2019,12.772,12.728,12.772,12.728,-
7/26/2019,12.796,12.858,12.858,12.796,-
25-Jul-19,"12,936","12,860","12,952",12.856,-
7/24/2019,"12,928",12.966,"12,970","12,928",-
7/23/2019,12.912,"12,956","12,956","12,902",-
7/22/2019,"12,908","12,938","12,942","12,898",-
7/19/2019,"12,982","13,032","13,032","12,972",-
18-Jul-19,"12,822","12,834","12,834",12.816,-
7/17/2019,"13,178","13,146","13,800","13,144",100
16-Jul-19,"13,078",13.112,13.128,"13,078",-
7/15/2019,"13,190","13,520","13,520","13,188",-
7/12/2019,"13,150","13,490","13,490","13,138",-
7/11/2019,"13,146","13,100","13,146",13.096,-
7/10/2019,13.058,"13,064","13,076","13,046",-
7/9/2019,13.112,13.106,13.112,13.096,-
7/8/2019,"13,098","13,082",13.11,"13,080",-
7/5/2019,"13,074","13,078","13,078",13.058,-
4/7/2019,"13,186","13,192",13.196,"13,186",-
7/3/2019,"13,154","13,168","13,188","13,154",-
7/2/2019,13.21,"13,266","13,266",13.208,-
7/1/2019,13.128,"13,178","13,178",13.118,-
6/28/2019,"12,932","12,918","12,932","12,918",-
6/27/2019,12.782,12.806,12.806,12.778,-
6/26/2019,12.634,12.616,12.648,12.616,-
6/25/2019,12.672,12.71,12.71,12.672,-
6/24/2019,"12,574",12.772,12.78,"12,574",-
21-Jun-19,"12,934","12,888",12.948,"12,888",-
6/20/2019,"13,040","13,050","13,060",13.006,-
6/19/2019,13.004,12.974,13.012,12.974,-
6/18/2019,"12,818",12.886,"12,904","12,818",-
6/17/2019,13.018,12.978,"13,026",12.974,-
6/14/2019,12.974,"13,032","13,032",12.974,-
6/13/2019,12.91,"12,906",12.914,"12,884",-
6/12/2019,"12,904",12.912,"12,930","12,904",-
6/11/2019,13.056,"13,080","13,080","13,044",-
07.06.2019,"13,078","13,034","13,090","13,030",-
6/6/2019,"13,122","13,038","13,122","13,038",-
6/5/2019,"12,996","12,996","12,996","12,936",-
6/4/2019,12.674,12.668,12.682,12.666,-
6/3/2019,"12,542","12,510","12,568","12,510",-
31-May-19,"12,702","12,680","12,704",12.644,-
5/30/2019,"12,860","12,870","12,880","12,860",-
5/29/2019,12.782,12.794,12.794,"12,762",-
5/28/2019,"12,920","12,944","12,954",12.91,-
27-May-19,12.798,12.812,12.816,12.798,-
5/24/2019,12.788,12.784,12.788,"12,762",-
5/23/2019,12.748,"12,824","12,836",12.748,-
5/22/2019,"12,700","12,702","12,706",12.672,-
21-May-19,12.638,"12,578",12.656,"12,578",-
5/20/2019,"12,584",12.622,12.628,"12,584",-
5/17/2019,12.614,"12,584",12.618,"12,584",-
16-May-19,"12,310","12,330","12,346","12,310",-
5/15/2019,"12,168",12.254,"12,312","12,168",-
14-May-19,12.024,"12,070",12.086,12.006,-
5/13/2019,12.118,"12,148","12,148",12.098,-
5/10/2019,"12,148","12,142","12,158","12,124",-
5/9/2019,12.288,"12,282",12.304,12.268,-
5/8/2019,12.276,12.294,"12,312",12.276,-
7/5/2019,"12,374","12,426","12,426","12,360",-
5/6/2019,"12,552","12,530","12,568","12,530",-
5/3/2019,"12,496","12,500","12,510","12,496",-
5/2/2019,"12,450","12,476","12,476","12,440",-
4/30/2019,"12,480","12,472","12,486","12,444",-
4/29/2019,"12,480","12,456","12,480","12,456",-
4/26/2019,12.508,"12,484","12,534","12,484",-
4/25/2019,"12,564","12,650","12,650","12,564",-
4/24/2019,12.386,"12,410","12,410","12,370",-
4/23/2019,"12,444","12,510","12,512","12,444",-
18-Apr-19,12.652,12.74,12.74,12.648,-
17-Apr-19,12.686,12.738,12.744,12.686,-
4/16/2019,"12,530","12,540","12,552",12.508,-
15-Apr-19,"12,482","12,498","12,498","12,474",-
4/12/2019,12.224,"12,166",12.224,"12,164",-
4/11/2019,"12,352",12.284,12.358,12.284,-
4/10/2019,"12,584","13,266","13,266","12,584",75
4/9/2019,12.676,12.728,12.728,12.676,-
4/8/2019,12.69,"12,680",12.73,"12,680",-
4/5/2019,"12,810","12,860","12,860","12,810",-
4/4/2019,12.67,12.69,"12,700","12,660",-
4/3/2019,"12,750",12.72,"12,750",12.71,-
4/2/2019,"12,580","12,590","12,590","12,560",-
4/1/2019,"12,180","12,220",12.24,"12,180",-
29-Mar-19,"12,070","12,070","12,080",12.06,-
28-Mar-19,"11,990","11,970","12,000","11,940",-
27-Mar-19,12.11,"12,140","12,140","12,100",-
26-Mar-19,"12,510","12,490","12,510","12,470",-
3/25/2019,"12,200","12,190","12,200","12,180",-
22-Mar-19,"12,410",12.62,12.63,"12,410",-
3/21/2019,"12,560","12,590","12,590","12,560",-
20-Mar-19,"12,520","12,530","12,530","12,510",-
19-Mar-19,"12,680",12.67,"12,680","12,660",-
3/18/2019,"12,500","12,530","12,530","12,490",-
3/15/2019,"12,430","12,440","12,450","12,430",-
14-Mar-19,"12,530","12,520","12,540","12,510",-
13-Mar-19,"12,560","12,540","12,560","12,530",-
3/12/2019,12.78,12.77,12.78,12.77,-
3/11/2019,"12,550","12,550","12,560","12,530",-
3/8/2019,"12,590","12,540","13,180","12,540",24
07.03.2019,"13,030","13,140","13,140",13.02,-
3/6/2019,"13,380","13,360","13,380","13,360",-
05.03.2019,"13,270","13,310","13,310","13,270",-
04.03.2019,"13,340","13,420","13,420","13,340",-
01.03.2019,"13,160","13,130","13,160","13,130",-
2/28/2019,"13,060","12,980","13,060","12,980",-
2/27/2019,"13,280","13,220","13,290","13,220",-
2/26/2019,"13,370","13,360","13,370","13,340",-
2/25/2019,"13,460","13,440","13,460","13,440",-
2/22/2019,"13,200",13.21,13.21,"13,190",-
2/21/2019,"13,280","13,280","13,280","13,260",-
2/20/2019,"13,240","13,230","13,250","13,220",-
2/19/2019,"13,410","13,370","13,410","13,370",-
2/18/2019,"13,370","13,370","13,380","13,350",-
2/15/2019,"13,050","13,060","13,080","13,050",-
2/14/2019,"13,600","13,670","13,670","13,600",-
2/13/2019,13.74,13.77,13.77,13.73,-
2/12/2019,13.79,"13,750",13.79,"13,750",-
2/11/2019,"13,290","13,300","13,300","13,260",-
2/8/2019,"13,290","13,310","13,310","13,270",-
07.02.2019,"13,640","13,660","13,690",13.63,-
2/6/2019,13.76,13.77,13.78,"13,750",-
2/5/2019,13.77,"13,800","13,800",13.77,-
2/4/2019,13.73,13.72,13.73,"13,700",-
2/1/2019,"13,500","13,400","13,500","13,400",-
31/01/2019,13.74,13.77,13.78,13.74,-
1/30/2019,"13,480","13,450","13,480","13,450",-
1/29/2019,13.63,"13,640","13,640","13,600",-
1/28/2019,"13,700","13,680","13,700","13,680",-
1/25/2019,13.91,"13,820","13,920","13,820",-
1/24/2019,13.62,"13,680","13,700",13.62,-
1/23/2019,"13,380","13,370","13,410","13,370",-
1/22/2019,13.63,13.62,"13,640",13.62,-
1/21/2019,"13,940","13,950","13,950","13,930",-
18-Jan-19,"13,850","13,860","13,860","13,830",-
17-Jan-19,"13,870","13,860","13,890","13,860",-
16-Jan-19,"13,860","13,830","13,860","13,830",-
15-Jan-19,"13,820","13,920","13,920","13,810",-
1/14/2019,13.63,13.63,"13,660",13.63,-
11/1/2019,"13,550",13.61,13.61,"13,540",-
10/1/2019,"13,480","13,460","13,480","13,460",-
9/1/2019,"13,590","13,590","13,590","13,560",-
8/1/2019,"13,400","13,430","13,430","13,380",-
7/1/2019,"13,390","13,300","13,390","13,300",-
4/1/2019,"13,090","13,080","13,090","13,060",-
3/1/2019,13.77,"13,660",13.77,"13,660",-
2/1/2019,"13,360","13,500","13,500","13,360",-
28-Dec-18,"13,230","13,260","13,260","13,230",-
27-Dec-18,"13,300","13,300","13,310","13,300",-
21-Dec-18,"13,250","13,330","13,330","13,240",82
20-Dec-18,"13,660","13,680","13,680","13,600",-
19-Dec-18,14.13,"14,100",14.13,"14,100",-
18-Dec-18,14.14,14.11,14.14,14.11,-
17-Dec-18,14.36,14.39,14.39,14.36,-
14-Dec-18,14.11,14.19,14.19,14.11,-
13-Dec-18,"14,250",14.24,"14,250",14.23,-
12/12/2018,14.21,14.19,14.21,14.19,-
11-Dec-18,"13,970","13,990","13,990","13,960",-
10-Dec-18,"14,180",14.2,14.2,"14,170",-
07.12.2018,"14,280",14.27,"14,280",14.27,-
6-Dec-18,"14,430","14,440","14,440","14,430",-
05.12.2018,"14,490","14,450","14,490","14,450",-
04.12.2018,"14,870","14,930","14,930","14,870",-
03.12.2018,15.27,15.28,15.29,15.27,-
11/30/2018,"14,940",15.02,15.02,"14,940",-
11/29/2018,"14,900",14.89,14.91,14.89,-
11/28/2018,15.23,15.22,"15,250",15.22,-
11/27/2018,15.27,"15,300","15,300",15.27,-
11/26/2018,"14,870","14,840","14,870",14.83,-
11/23/2018,"14,850","14,950","14,950","14,850",-
11/22/2018,"14,840","14,840","14,850","14,840",-
11/21/2018,"15,000","14,970","15,000","14,970",-
20-Nov-18,15.23,15.29,15.29,15.23,-
11/19/2018,"15,420","15,390","15,420","15,390",-
11/16/2018,"15,650",15.63,"15,650",15.63,-
11/15/2018,"15,660",15.73,15.73,"15,660",-
11/14/2018,"16,330","16,310","16,360","16,310",-
11/13/2018,"16,340","16,290","16,340","16,290",-
11/12/2018,16.81,"16,910","16,910","16,800",-
11/9/2018,16.78,16.79,16.79,16.78,-
11/8/2018,"16,650","16,640","16,660","16,640",-
7/11/2018,"16,450","16,390","16,450","16,390",-
11/6/2018,"16,990","16,990",17.01,"16,990",-
05.11.2018,"16,540","16,540","16,570","16,540",-
11/2/2018,"16,600","16,650","16,650","16,600",-
11/1/2018,"16,560","16,500","16,560","16,500",-
31-Oct-18,"16,250","16,310","16,310",16.23,-
10/30/2018,15.91,"15,920","15,920",15.91,-
29-Oct-18,"15,900","15,900","15,900","15,900",-
10/26/2018,"16,140","16,330","16,330","16,140",-
10/25/2018,16.11,"16,080",16.11,16.06,-
24-Oct-18,17.02,17.07,17.07,17.01,-
23.10.2018,17.31,17.32,17.32,17.31,-
10/22/2018,17.69,"17,680",17.69,"17,580",40
19-Oct-18,"17,650","17,550","17,650","17,550",-
18-Oct-18,"17,490",17.53,17.53,"17,440",-
17-Oct-18,17.35,"17,450","17,450",17.32,-
16-Oct-18,17.07,17.11,"17,560",17.07,119
15-Oct-18,17.22,"17,150",17.23,"17,150",-
12-Oct-18,"17,170",17.22,17.22,"17,130",-
11-Oct-18,"17,670",17.72,17.72,"17,670",-
10/10/2018,"18,270","18,310","18,310","18,270",-
09.10.2018,"18,050",18.11,18.11,"18,030",-
8/10/2018,"18,650","18,200",18.74,"18,200",267
05.10.2018,"18,240","18,240",19.11,"18,240",20th
04.10.2018,"18,050","18,070","18,070","18,030",-
2-Oct-18,"18,000","17,960","18,000","17,960",-
1-Oct-18,17.77,17.83,17.83,17.77,-
9/28/2018,"17,490","17,500","17,520","17,490",-
9/27/2018,"17,480",17.78,17.78,17.39,-
9/26/2018,"17,900","17,880","17,930","17,880",-
9/25/2018,17.75,17.75,17.75,17.75,-
9/24/2018,"18,300","18,300","18,300","18,300",-
9/21/2018,"17,800","17,800","17,800","17,800",-
9/20/2018,17.43,17.43,17.43,17.43,-
19.09.2018,"17,130","17,130","17,130","17,130",-
18-Sep-18,"16,450","16,450","16,450","16,450",-
9/17/2018,16.23,16.23,16.23,16.23,-
14.09.2018,15.83,15.83,15.83,15.83,-
9/13/2018,15.89,15.89,15.89,15.89,-
9/12/2018,15.63,15.63,15.63,15.63,-
9/11/2018,15.71,15.71,15.71,15.71,-
9/10/2018,"15,960","15,960","15,960","15,960",-
07.09.2018,"15,450","15,450","15,450","15,450",-
9/6/2018,"15,320","15,320","15,320","15,320",-
05.09.2018,"15,600","15,600","15,600","15,600",-
04.09.2018,"15,860","15,860","15,860","15,860",-
03.09.2018,15.89,15.89,15.89,15.89,-
8/31/2018,"15,980","15,980","15,980","15,980",-
8/30/2018,15.89,15.89,15.89,15.89,-
8/29/2018,"16,050","16,050","16,050","16,050",-
8/28/2018,"15,870","15,870","15,870","15,870",-
8/27/2018,"15,950","15,950","15,950","15,950",-
8/24/2018,15.77,15.77,15.77,15.77,-
8/23/2018,0,15.69,0,0,-
8/22/2018,0,15.77,0,0,-
8/21/2018,15.78,15.78,15.78,15.78,-
8/20/2018,"15,930","15,930","15,930","15,930",-
8/17/2018,15.73,15.73,15.73,15.73,-
8/16/2018,"15,440","15,470","15,470","15,440",-
8/15/2018,"15,450","15,450","15,450","15,450",-
8/14/2018,"15,460","15,460","15,460","15,460",-
8/13/2018,"16,200","16,200","16,200","16,200",247
8/10/2018,16.02,16.02,16.02,16.02,-
8/9/2018,"16,310","16,310","16,310","16,310",-
8/8/2018,"16,420","16,420","16,420","16,420",-
8/7/2018,"16,440","16,440","16,440","16,440",-
8/6/2018,"16,190","16,190","16,190","16,190",-
8/3/2018,"16,300","16,300","16,300","16,300",-
8/2/2018,16.73,16.73,16.73,16.73,-
8/1/2018,16.61,16.61,16.61,16.61,-
7/31/2018,15.79,15.79,15.79,15.79,-
7/30/2018,"16,390","16,390","16,390","16,390",-
7/27/2018,"16,550","16,550","16,550","16,550",-
7/26/2018,"16,330","16,330","16,330","16,330",-
25-Jul-18,"16,150","16,150","16,150","16,150",-
7/24/2018,"16,160","16,160","16,160","16,160",-
7/23/2018,15.78,15.78,15.78,15.78,-
7/20/2018,"14,960","14,960","14,960","14,960",-
7/19/2018,"15,360","15,360","15,360","15,360",-
18-Jul-18,15.07,15.07,15.07,15.07,-
7/17/2018,14.91,14.91,14.91,14.91,-
16-Jul-18,15.11,15.11,15.11,15.11,-
7/13/2018,14.82,14.82,14.82,14.82,-
7/12/2018,"14,660","14,660","14,660","14,660",-
7/11/2018,"14,700","14,700","14,700","14,700",-
7/10/2018,"14,930","15,660","15,660","14,930",14th
7/9/2018,14.71,14.71,14.71,14.71,-
7/6/2018,14.62,14.62,14.62,14.62,-
7/5/2018,"14,440","14,440","14,440","14,440",-
4/7/2018,"14,670","14,670","14,670","14,670",-
7/3/2018,14.74,14.74,14.74,14.74,-
7/2/2018,14.81,14.81,14.81,14.81,-
6/29/2018,"14,940","14,940","14,940","14,940",-
6/28/2018,15.13,15.13,15.13,15.13,-
6/27/2018,"15,150","15,150","15,150","15,150",-
6/26/2018,15.16,15.16,15.16,15.16,-
25-Jun-18,15.05,15.05,15.05,15.05,-
6/22/2018,14.91,"15,340","15,340",14.91,-
21-Jun-18,"15,180","15,180","15,180","15,180",-
20-Jun-18,15.28,15.28,15.28,15.28,-
6/19/2018,"15,500","15,500","15,500","15,500",-
6/18/2018,15.51,"15,500",15.51,"15,500",-
15-Jun-18,"15,900","15,900","15,900","15,900",-
6/14/2018,15.76,15.76,15.76,15.76,-
6/13/2018,15.83,15.83,15.83,15.83,-
6/12/2018,"15,850","15,850","15,850","15,850",-
6/11/2018,"15,980","15,980","15,980","15,980",-
6/8/2018,16.11,16.11,16.11,16.11,-
07.06.2018,"15,920","15,920","15,920","15,920",-
6/6/2018,15.84,15.84,15.84,15.84,-
6/5/2018,"15,970","15,970","15,970","15,970",-
04.06.2018,16.01,16.01,16.01,16.01,-
01.06.2018,15.74,"16,130","16,130",15.72,-
31-May-18,15.72,15.72,15.72,15.72,-
5/30/2018,15.78,15.78,15.78,15.78,-
5/29/2018,16.06,16.06,16.06,16.06,-
28-May-18,16.07,16.07,16.07,16.07,-
5/25/2018,"16,160","16,160","16,160","16,160",-
24-May-18,"16,300","16,300","16,300","16,300",-
23-May-18,"16,540","17,470","17,470","16,540",287
22-May-18,"16,690","16,440","16,690","16,440",301
18-May-18,17.3,17.3,17.3,17.3,-
5/17/2018,"17,130","17,130","17,130","17,130",-
16-May-18,16.84,16.84,16.84,16.84,-
5/15/2018,"16,380","16,370","16,380","16,370",-
14-May-18,"16,140",16.06,16.85,16.06,360
5/11/2018,16.06,"16,050",16.09,"16,050",-
5/10/2018,16.06,"16,050",16.06,"16,050",-
5/9/2018,"16,040","15,980","16,050","15,980",-
5/8/2018,"16,050","16,140","16,140","16,050",-
7/5/2018,"15,930","15,970","15,970","15,920",-
5/4/2018,"16,690","16,580","16,690","16,400",-
5/3/2018,16.23,"16,510",16.61,16.23,-
"May 2nd, 2018","16,170",16.21,16.21,"16,170",-
4/30/2018,"16,120","16,500","16,500","16,120",-
4/27/2018,16.11,"16,140","16,160",16.11,-
4/26/2018,"16,240","16,290","16,290","16,200",-
4/25/2018,16.09,"16,160","16,160",16.09,-
4/24/2018,16.09,"16,080","16,160","16,080",-
4/23/2018,15.91,15.91,"15,960",15.91,-
20-Apr-18,"15,250","15,350","15,350","15,250",-
19-Apr-18,"14,970","14,980","14,980","14,960",-
18-Apr-18,"14,840",14.83,"14,840",14.83,-
4/17/2018,14.81,"14,850","14,850","14,800",-
4/16/2018,"14,980","14,920","14,980","14,920",-
4/13/2018,"14,990","14,980","14,990","14,940",-
4/12/2018,"14,870","14,850","14,870","14,840",-
4/11/2018,"14,980","14,990","14,990","14,980",-
4/10/2018,"14,860",14.76,"14,870",14.76,-
4/9/2018,"14,700",14.62,"14,700",14.62,-
4/6/2018,"14,590","14,550","14,590","14,540",-
4/5/2018,"14,590","14,550","14,590","14,550",-
4/4/2018,"14,480","14,440","14,490","14,440",-
4/3/2018,"14,460","14,440","14,460","14,430",-
29-Mar-18,"14,550","14,590","14,590","14,550",-
28.03.2018,"14,480","14,580","14,600","14,480",-
3/27/2018,"14,690",14.82,14.82,"14,690",-
3/26/2018,"14,480","14,430","14,490","14,430",-
3/23/2018,14.81,14.81,14.82,14.81,-
22-Mar-18,"15,170",15.31,15.31,15.16,-
3/21/2018,15.61,15.63,15.63,15.61,-
20-Mar-18,"15,200",15.27,15.27,"15,200",-
3/19/2018,15.21,15.12,15.21,15.12,-
16-Mar-18,15.16,"15,170","15,170",15.16,-
3/15/2018,15.11,"15,170","15,170",15.11,-
14.03.2018,"15,180",15.27,15.27,"15,180",-
13-Mar-18,15.16,15.12,15.16,"15,100",-
3/12/2018,"15,300",15.31,15.31,"15,300",-
09.03.2018,"15,000","14,950","15,000","14,950",-
3/8/2018,"14,960",15.01,15.01,"14,950",-
07.03.2018,"14,990","14,960","14,990","14,960",-
3/6/2018,15.06,15.01,15.12,15.01,-
05.03.2018,15.23,15.12,15.23,15.12,-
02.03.2018,15.26,15.27,15.29,15.26,-
01.03.2018,"15,590","15,570","15,600","15,570",248
2/28/2018,"15,970",16.06,16.06,"15,970",-
2/27/2018,"16,100","16,120","16,120",16.07,-
2/26/2018,"15,870",15.84,"15,880",15.84,-
2/23/2018,16.03,"16,100","16,100",16.03,-
2/22/2018,"15,980",16.01,16.01,"15,980",-
2/21/2018,15.81,"15,850","15,850",15.81,-
2/20/2018,"16,260","16,270","16,270","16,250",-
19-Feb-18,"16,390","16,410","16,410","16,380",-
2/16/2018,"16,170","16,240","16,240","16,160",-
2/15/2018,"16,100",16.09,"16,100","16,080",-
2/14/2018,"15,330",15.69,15.73,"15,330",450
2/13/2018,"15,520","15,540","15,570","15,520",-
2/12/2018,16.03,16.06,16.06,16.03,-
2/9/2018,15.63,15.72,15.72,15.61,-
2/8/2018,"16,120",16.23,16.23,"16,120",-
07.02.2018,"16,120","16,220","16,220","16,120",-
2/6/2018,"15,990","16,000","16,000","15,940",-
2/5/2018,16.87,"16,910","16,910",16.86,-
2/2/2018,"16,800",16.78,16.81,16.78,250
2/1/2018,16.78,"16,690",16.78,"16,690",-
31-Jan-18,"16,570","16,500","16,570","16,500",-
1/30/2018,"17,000","16,910","17,000","16,910",-
1/29/2018,"17,200",17.3,17.3,"17,200",-
1/26/2018,"17,000","17,100","17,100","17,000",-
1/25/2018,17.3,17.3,"17,400",17.3,-
1/24/2018,"17,600","17,600","17,600","17,600",-
1/23/2018,"17,800","17,900","17,900","17,800",-
1/22/2018,"17,900","17,900","17,900","17,900",-
1/19/2018,"17,900","17,900","17,900","17,900",-
18-Jan-18,"17,500","17,500","17,500","16,700",250
17-Jan-18,"17,800","17,800","17,800","17,800",-
16-Jan-18,"17,900","17,900","17,900","17,900",-
15-Jan-18,"18,000","18,000","18,000","17,900",-
1/12/2018,"18,000","17,900","18,000","17,900",-
11/1/2018,"18,100","18,100","18,400","18,100",400
1/10/2018,"18,000","18,000","18,100","18,000",350
9/1/2018,"17,400","17,200","17,500","17,200",563
1/8/2018,"17,400","17,800","17,800","17,400",-
5/1/2018,17.3,"17,000",17.3,"17,000",-
4/1/2018,17.3,"17,200",17.3,"17,200",-
3/1/2018,"17,200","17,200","17,200","17,200",-
2/1/2018,"16,900","17,200","17,200","16,900",-
29-Dec-17,16.917,16.893,16.917,16.893,-
28-Dec-17,"16,946",16.915,"16,956",16.915,-
27-Dec-17,17.222,"17,184",17.226,"17,184",-
12/22/2017,17.419,17.38,17.429,17.38,60
21-Dec-17,17.417,17.421,17.421,17.392,-
20-Dec-17,17.665,17.545,17.665,17.545,-
19-Dec-17,17.364,17.27,17.364,17.27,-
18-Dec-17,17.388,17.381,17.388,17.354,-
15-Dec-17,"16,944","16,908","16,949","16,908",-
14-Dec-17,17.015,"17,100","17,100","16,997",-
12/13/2017,17.276,17.312,17.312,17.276,-
12/12/2017,17.391,17.43,17.43,17.39,-
11-Dec-17,17.246,17.23,17.246,17.23,-
8-Dec-17,17.265,17.256,17.269,17.256,-
07.12.2017,17.209,"17,189",17.211,"17,186",-
06.12.2017,17.027,17.085,17.085,17.027,-
05.12.2017,"16,971",17.01,17.023,"16,970",-
04.12.2017,16.878,16.915,16.915,16.877,-
1-Dec-17,16.812,"16,921","16,921",16.812,-
11/30/2017,"16,905",16.786,"16,924",16.786,-
11/29/2017,16.716,16.654,16.716,16.654,-
11/28/2017,16.215,16.268,16.268,16.215,-
11/27/2017,16.288,16.355,16.355,16.288,-
11/24/2017,"16,315",16.206,"16,315",16.196,-
11/23/2017,16.882,16.844,16.882,16.844,-
11/22/2017,"16,479",16.501,16.501,"16,469",-
11/21/2017,16.248,"16,270","16,270","16,242",-
11/20/2017,15.984,15.931,15.984,15.931,-
11/17/2017,15.753,15.838,15.838,15.753,-
11/16/2017,15.76,15.808,15.828,15.757,-
11/15/2017,"15,590",15.606,15.606,"15,581",-
11/14/2017,15.356,15.221,15.356,15.221,-
11/13/2017,"15,430",15.391,"15,435",15.391,-
11/10/2017,15.676,15.668,15.682,15.668,-
9/11/2017,"15,870",15.834,"15,899",15.834,-
11/8/2017,15.815,15.851,15.851,15.805,-
7/11/2017,16.026,16.066,16.066,16.026,-
11/6/2017,15.897,15.973,15.973,15.897,-
3/11/2017,"16,509","16,547","16,547","16,509",-
11/2/2017,16.165,"16,151",16.169,"16,151",-
11/1/2017,16.052,"16,061","16,061","16,049",-
10/30/2017,"16,211",16.274,16.274,16.199,-
27-Oct-17,"16,134",16.273,16.273,"16,134",-
10/26/2017,15.814,"15,954","15,954",15.796,-
10/25/2017,15.748,15.779,15.806,15.748,-
24-Oct-17,15.751,15.664,15.751,15.664,-
23.10.2017,"15,698",15.749,15.749,15.694,-
20-Oct-17,15.353,15.358,15.358,"15,342",-
19-Oct-17,"15,350",15.369,15.431,"15,350",-
18-Oct-17,15.271,15.179,15.297,15.179,-
10/17/2017,"15,382",15.409,15.409,15.378,-
10/16/2017,15.402,15.415,"15,430",15.402,-
13-Oct-17,15.098,15.13,15.13,15.098,-
12-Oct-17,15.054,15.073,15.073,15.054,-
10/11/2017,"15,340","16,081","16,081","15,332",64
10/10/2017,15.299,"15,340",16.105,15.299,31
09.10.2017,15.671,15.656,15.671,15.656,-
06.10.2017,"15,321","15,312","15,321","15,312",-
05.10.2017,"14,959",15.01,15.01,14.941,-
04.10.2017,15.116,15.129,15.163,15.116,-
2-Oct-17,15.031,15.123,15.123,15.031,-
9/29/2017,"14,921","14,877","14,921","14,877",-
9/28/2017,"14,904","14,950",14.971,"14,904",-
9/27/2017,14.604,14.618,14.618,14.604,-
9/26/2017,14.255,14.281,14.296,14.255,-
9/25/2017,14.077,14.218,14.218,14.077,-
9/22/2017,14.117,14.117,14.117,14.085,-
9/21/2017,"14,197",14.164,14.21,14.164,-
9/20/2017,14.032,14.055,14.055,14.032,-
9/19/2017,"13,922",13.945,13.945,"13,891",-
9/18/2017,"13,829",13.777,"13,829",13.777,-
9/15/2017,13.638,"13,527",13.638,"13,527",-
9/14/2017,"13,551","13,551","13,551","13,551",-
9/13/2017,"13,435","13,449","13,449","13,434",-
9/12/2017,"13,323",13.258,"13,323",13.258,-
9/11/2017,13.003,"12,950",13.003,"12,950",-
9/8/2017,"12,813","12,863","12,867",12.807,-
07.09.2017,"12,998",12.976,13.003,"12,953",-
9/6/2017,"13,064",13.029,"13,064",13.029,-
05.09.2017,"13,168",13.203,13.203,"13,168",-
04.09.2017,"13,231","13,221",13.236,"13,221",-
9/1/2017,"13,248",13.245,13.257,"13,240",-
8/31/2017,"13,243","13,262","13,262",13.207,-
8/30/2017,"13,072","13,064","13,072",13.057,-
8/29/2017,"13,151",13.107,"13,160",13.107,-
8/28/2017,"13,328","13,270","13,330","13,270",-
8/25/2017,"13,523","13,471","13,523","13,471",-
8/24/2017,"13,522","13,454","13,522","13,454",-
8/23/2017,"13,575","13,541","13,575","13,531",-
8/22/2017,"13,589","13,597","13,598","13,585",-
8/21/2017,"13,661",13.609,13.663,13.609,-
8/18/2017,"13,848","13,908","13,908","13,848",-
8/17/2017,14.114,"14,150","14,150",14.114,-
8/16/2017,"14,197",14.214,14.214,"14,174",-
8/15/2017,14.216,14.224,14.224,14.202,-
8/14/2017,"14,147","14,182","14,182",14.126,-
8/11/2017,14.853,14.828,14.883,14.828,-
8/10/2017,"14,434",14.508,14.508,"14,434",-
8/9/2017,"14,557",14.606,14.642,"14,557",-
8/8/2017,"14,444","14,534","14,534","14,444",-
8/7/2017,"14,524","14,490","14,524","14,482",-
8/4/2017,"14,449","14,471","14,471","14,416",-
8/3/2017,"14,426","14,481","14,481","14,426",-
8/2/2017,"14,435","14,436","14,436",14.39,-
8/1/2017,14.634,14.608,14.634,"14,583",-
7/31/2017,"14,514",14.386,"14,514",14.386,-
7/28/2017,"14,496",14.459,14.501,14.459,-
7/27/2017,"14,541","14,533","14,541","14,515",-
7/26/2017,14.609,"14,589",14.625,"14,589",-
25-Jul-17,14.636,"14,516",14.642,"14,509",-
7/24/2017,14.612,"14,647",14.663,14.612,-
7/21/2017,14.779,14.858,14.858,14.779,-
7/20/2017,"14,994",14.913,"14,998",14.913,-
7/19/2017,14.972,15.039,15.039,14.972,-
7/18/2017,"15,089",15.096,15.099,"15,089",-
7/17/2017,15.734,15.691,15.756,15.691,-
7/14/2017,15.394,"15,398","15,398",15.358,-
7/13/2017,15.269,15.291,"15,329",15.266,-
7/12/2017,15.526,15.634,15.634,15.526,-
7/11/2017,"15,547","15,519","15,562","15,519",-
7/10/2017,"15,598",15.654,15.654,"15,598",-
7/7/2017,15.682,15.637,15.682,15.637,-
7/6/2017,"15,572",15.508,"15,583",15.508,-
7/5/2017,15.635,15.71,15.71,15.635,-
4/7/2017,"15,524",15.503,"15,524",15.493,-
7/3/2017,15.386,"15,337","15,399","15,337",-
6/30/2017,15.506,"15,500",15.513,15.493,-
6/29/2017,15.338,15.277,15.338,15.265,-
6/28/2017,"15,067",15.107,15.164,"15,067",-
6/27/2017,"15,548",15.002,"15,548",15.002,-
6/26/2017,"15,572",15.507,"15,573","15,414",-
6/23/2017,15.722,15.672,15.722,15.672,-
6/22/2017,15.744,"15,700",15.744,15.674,-
21-Jun-17,15.915,15.883,15.933,15.883,-
6/20/2017,15.916,"15,942","15,942",15.916,-
6/19/2017,15.84,"15,562",15.84,"15,562",-
6/16/2017,16.004,15.969,16.004,15.859,-
6/15/2017,15.788,15.779,15.788,15.779,-
6/14/2017,"16,077",15.934,"16,077",15.629,-
6/13/2017,16.245,16.212,16.245,"16,174",-
6/12/2017,"16,189",16.117,"16,190",16.114,-
6/9/2017,15.945,"15,591",15.945,"15,591",-
6/8/2017,"15,432","15,412",15.651,"15,412",-
07.06.2017,15.345,15.371,15.371,15.295,-
6/6/2017,"15,324","15,342",15.354,"15,324",-
6/2/2017,"15,518","15,538","15,562","15,518",-
6/1/2017,"14,899",14.661,14.912,14.661,-
5/31/2017,"14,939",14.887,"14,939",14.887,-
5/30/2017,"14,924",14.838,"14,924",14.838,-
5/29/2017,"14,862",14.807,"14,862",14.791,-
5/26/2017,14.793,14.81,14.81,14.681,-
5/25/2017,"14,699",14.675,"14,699",14.33,-
24-May-17,14.745,14.748,14.752,14.745,-
5/23/2017,14.671,14.62,14.671,14.373,-
5/22/2017,14.737,"14,704",14.773,14.686,124
5/19/2017,14.783,"14,544",14.783,"14,544",-
18-May-17,14.112,14.348,14.348,14.061,-
5/17/2017,"14,899","14,898","14,899","14,898",-
16-May-17,15.506,15.401,15.508,15.401,-
5/15/2017,15.325,15.825,15.825,15.325,316
5/12/2017,15.854,15.808,15.915,15.808,-
5/11/2017,15.928,16.129,16.129,15.895,100
5/10/2017,15.993,15.934,15.993,15.934,-
5/9/2017,16.07,15.733,16.073,15.733,-
5/8/2017,16.203,16.173,16.203,16.116,-
5/5/2017,15.679,"15,579",15.719,"15,579",-
5/4/2017,15.623,"15,680","15,680","15,564",-
5/3/2017,15.806,15.797,15.806,15.776,-
5/2/2017,15.836,"15,800",15.836,"15,680",-
4/28/2017,15.72,15.628,15.72,15.628,-
4/27/2017,"15,900",15.919,15.919,15.863,-
4/26/2017,15.947,"15,996","15,996","15,930",-
4/25/2017,15.919,"15,552",15.919,"15,552",-
4/24/2017,15.355,15.395,15.395,15.134,-
4/21/2017,"15,500","15,596","15,596","15,500",-
4/20/2017,"15,426","15,440","15,440",15.134,44
4/19/2017,15.405,15.297,15.405,"15,062",-
4/18/2017,"15,564","15,461","15,564","15,461",-
4/13/2017,15.619,"15,579",15.619,15.516,-
4/12/2017,15.914,"15,929","15,929","15,650",-
4/11/2017,16.055,"15,970",16.055,"15,970",-
4/10/2017,15.945,"15,954",15.961,15.938,-
4/7/2017,15.765,15.691,15.835,15.691,-
4/6/2017,15.839,"15,499",15.839,"15,499",-
4/5/2017,16.018,15.927,"16,040",15.927,-
4/4/2017,"16,062",16.076,"16,156","16,062",-
4/3/2017,"16,250",16.223,"16,250",16.127,-
31-Mar-17,16.871,"16,550","16,946","16,000","1,396"
3/30/2017,"16,942","16,899","16,971","16,642",385
3/29/2017,"16,926",16.973,16.987,16.769,-
3/28/2017,17.234,17.234,17.234,17.234,-
3/27/2017,"16,966",16.609,"16,966",16.609,100
24-Mar-17,"17,479","17,479","17,479","17,479",-
3/23/2017,17.221,17.221,17.221,17.221,-
3/22/2017,17.127,17.127,17.127,17.127,-
3/21/2017,18.094,18.094,18.094,18.094,-
3/20/2017,"18,413","18,425","18,425","18,413",-
3/17/2017,"18,426",18.299,"18,426",18.276,124
16-Mar-17,18.497,"18,530","18,530",18.497,-
3/15/2017,18.791,"19,041",19.064,18.791,787
3/14/2017,"18,905",18.645,"18,905","18,561",264
3/13/2017,18.901,18.611,18.901,18.611,-
3/10/2017,19.227,19.108,19.227,19.108,345
09.03.2017,"18,823",18.696,"18,823",18.696,-
3/8/2017,18.727,"18,592",18.728,"18,592",-
07.03.2017,"18,487","18,487","18,492","18,487",-
3/6/2017,"18,494","18,481","18,494","18,469",-
3/3/2017,"18,842",18.732,"18,842",18.732,-
02.03.2017,"18,830",18.804,"18,830","18,451",-
3/1/2017,"18,162","18,047",18.167,"18,047",-
2/28/2017,17.789,17.809,17.814,17.789,-
2/27/2017,"17,862",17.769,"17,862",17.769,-
2/24/2017,18.258,"18,352","18,352",18.258,-
2/23/2017,"18,500","18,556","18,556","18,500",-
2/22/2017,18.749,18.857,18.857,18.749,266
2/21/2017,"18,579","18,557",18.623,"18,557",-
2/20/2017,"18,422","18,416","18,422","18,394",-
2/17/2017,"18,416","18,577","18,577","18,414",-
2/16/2017,"18,586","18,600","18,600","18,586",-
2/15/2017,"18,443","18,418","18,470","18,418",-
2/14/2017,17.731,17.659,17.731,17.659,-
2/13/2017,17.797,17.797,17.797,17.764,-
2/10/2017,17.825,"17,998","17,998",17.825,20th
2/9/2017,17.339,17.167,17.339,17.167,-
2/8/2017,"17,519","17,549",17.601,17.517,-
07.02.2017,"17,534",17.433,"17,538",17.433,-
2/6/2017,"17,480","17,579","17,579","17,476",25th
2/3/2017,17.314,17.229,17.325,17.229,-
2/2/2017,17.07,17.03,17.071,17.03,-
2/1/2017,16.967,"16,971","16,971","16,937",-
31-Jan-17,17.018,16.774,17.018,16.774,-
1/30/2017,17.033,17.026,17.056,17.025,-
1/27/2017,17.086,17.057,17.086,17.055,-
1/26/2017,"17,180",17.129,"17,180",17.129,-
1/25/2017,"16,392",16.306,"16,393",16.306,-
1/24/2017,16.212,16.167,16.215,16.167,-
1/23/2017,16.713,"16,750","16,750","16,685",-
1/20/2017,"16,902",16.778,"16,902",16.778,-
1/19/2017,"16,544","16,442","16,544","16,442",-
18-Jan-17,16.228,16.203,16.228,16.203,-
17-Jan-17,16.223,"16,222",16.228,"16,222",-
16-Jan-17,16.403,16.386,16.403,16.386,-
1/13/2017,"16,437",16.407,"16,437",16.407,-
1/12/2017,"16,415",16.282,"16,452",16.282,-
11/1/2017,16.292,"16,332","16,332",16.292,-
10/1/2017,"16,400",16.293,"16,400",16.129,291
9/1/2017,"16,400","16,400","16,400","16,400",-
1/6/2017,"16,549","16,900","16,900",16.507,905
5/1/2017,16.716,"16,599",16.72,"16,599",601
4/1/2017,16.157,"16,540","16,540",16.157,"1,212"
3/1/2017,"15,554",15.627,"15,847","15,554",-
2/1/2017,15.78,"15,704",15.78,"15,704",-
12/30/2016,15.861,15.795,15.861,15.795,-
12/29/2016,16.008,15.973,16.013,15.973,-
12/28/2016,15.918,16.027,16.027,15.918,-
12/27/2016,16.005,"15,952",16.005,"15,952",-
12/23/2016,16.051,16.008,16.051,16.008,-
12/22/2016,16.011,16.016,16.016,16.001,-
21-Dec-16,16.221,16.173,"16,240",16.173,-
20-Dec-16,"16,369","16,362","16,369","16,337",-
19-Dec-16,16.782,"16,671",16.797,"16,671",-
16-Dec-16,16.77,16.813,16.813,16.77,-
12/15/2016,16.193,"16,578","16,578",16.161,220
12/14/2016,"16,448",16.457,"16,495","16,448",-
12/13/2016,"16,468",16.459,"16,474",16.459,-
12/12/2016,"16,548",16.508,"16,548","16,478",-
12/9/2016,"16,476","16,485","16,487","16,476",-
8-Dec-16,15.935,"16,389","16,389",15.926,-
07.12.2016,15.909,15.932,15.932,15.909,-
6-Dec-16,15.773,15.814,15.814,15.759,-
05.12.2016,15.827,"15,383",15.827,"15,383",-
02.12.2016,15.901,15.944,15.973,15.901,-
1-Dec-16,15.663,"15,594",15.663,"15,594",-
11/30/2016,15.221,15.216,15.226,15.216,-
11/29/2016,"15,546",15.381,"15,546",15.381,-
11/28/2016,15.72,"15,703",15.72,15.646,-
11/25/2016,15.456,"15,538","15,544",15.456,-
11/24/2016,"15,800",15.684,"15,800",15.684,-
11/23/2016,15.818,15.478,15.855,15.478,-
11/22/2016,15.79,15.829,15.829,15.782,-
11/21/2016,"15,574",15.813,15.833,"15,574",-
11/18/2016,"15,590","15,578","15,597","15,578",-
11/17/2016,15.77,15.741,15.77,15.741,-
11/16/2016,15.771,15.77,15.771,15.681,-
11/15/2016,15.101,15.018,15.101,15.018,-
11/14/2016,15.182,15.172,15.215,15.172,-
11/11/2016,14.778,14.83,"14,850",14.769,-
11/10/2016,13.727,"13,594",13.732,"13,594",-
11/9/2016,"12,174","12,199",12.225,"12,158",-
11/8/2016,13.029,"12,923",13.029,"12,923",-
7/11/2016,"12,866","12,874","12,885",12.865,-
4/11/2016,12.859,12.833,"12,874",12.833,-
3/11/2016,13.264,"13,241","13,270","13,241",-
11/2/2016,"13,148","13,186","13,186","13,145",-
11/1/2016,"13,428","13,386","13,428","13,386",-
10/31/2016,"13,366","13,318","13,373","13,318",-
10/28/2016,"13,339",13.264,"13,339",13.264,-
10/27/2016,12.971,12.724,12.971,12.724,-
10/26/2016,12.975,12.969,12.975,"12,939",-
10/25/2016,12.963,12.978,12.983,12.963,-
24-Oct-16,"13,041","12,962","13,041","12,962",-
10/21/2016,12.966,13.029,"13,037",12.966,-
10/20/2016,12.754,"12,956",12.964,12.754,-
19-Oct-16,12.775,12.845,12.845,12.728,-
18-Oct-16,12.603,"12,843","12,843",12.601,-
10/17/2016,"12,537","12,567","12,567","12,537",-
10/14/2016,"12,389","12,436","12,436","12,389",-
10/13/2016,"12,391","12,387","12,391","12,387",-
10/12/2016,"12,496","12,419",12.497,"12,419",-
10/11/2016,"12,535",12.649,12.649,"12,535",-
10/10/2016,12.605,"12,561",12.605,"12,561",-
7/10/2016,"12,547","12,581","12,581","12,532",-
10/6/2016,12.357,"12,315",12.357,"12,315",-
5/10/2016,12.048,12.033,"12,089",12.033,-
4/10/2016,11.765,11.805,"11,843",11.765,-
9/30/2016,"11,951","11,864","11,954","11,864",-
9/29/2016,11.978,"11,954",11.979,"11,954",-
9/28/2016,"11,953",11.999,12.033,"11,953",-
9/27/2016,"12,153","12,338","12,338","12,153",-
9/26/2016,"12,427","12,388","12,427","12,388",-
9/23/2016,13.003,13.001,"13,044",13.001,-
9/22/2016,"13,546","13,433","13,546","13,433",-
9/21/2016,"13,260","13,572","13,572","13,260",-
9/20/2016,"12,488","12,467","12,488","12,437",-
9/19/2016,"12,599",12.608,12.645,"12,599",-
9/16/2016,"12,454","12,584","12,584","12,454",-
9/15/2016,12.274,"12,222",12.274,"12,222",-
9/14/2016,"12,562",12.622,12.622,"12,552",-
9/13/2016,"12,196","12,139","12,196","12,139",-
9/12/2016,"12,543",12.667,12.667,"12,543",-
9/9/2016,12.308,"12,312","12,320",12.308,-
9/8/2016,"12,354",12.294,"12,354",12.294,-
07.09.2016,"12,536","12,595","12,595","12,536",-
9/6/2016,13.011,"13,043","13,043",12.975,-
9/5/2016,12.682,12.684,12.684,12.644,-
02.09.2016,12.636,12.636,12.638,12.61,-
9/1/2016,"12,329",12.279,"12,329",12.279,-
8/31/2016,"12,026",12.01,"12,036",12.01,500
8/30/2016,12.155,12.106,"12,161",12.106,-
8/29/2016,"11,929",11.964,11.964,11.916,-
8/26/2016,"11,472",11.455,"11,472","11,452",-
8/25/2016,"11,561","11,574","11,599","11,561",-
8/24/2016,"11,593",11.605,11.605,"11,592",-
8/23/2016,11.508,"11,522","11,522","11,498",-
8/22/2016,11.856,"11,863","11,863","11,841",-
8/19/2016,"11,997",11.988,"11,997",11.988,-
8/18/2016,11.961,"11,897",11.963,"11,897",-
8/17/2016,"12,050","12,122","12,122","12,050",-
8/16/2016,11.726,"11,567",11.726,"11,567",-
8/15/2016,12.055,12.06,12.076,12.055,-
8/12/2016,12.058,"12,124","12,124",12.035,-
8/11/2016,12.217,12.214,12.266,12.214,-
8/10/2016,"12,201",12.236,"12,246","12,201",-
8/9/2016,12.643,"12,708","12,708",12.643,-
8/8/2016,12.736,"12,750",12.79,12.736,-
8/5/2016,"12,081",12.055,"12,081",12.055,-
8/4/2016,"12,372","12,393","12,393","12,349",-
8/3/2016,11.675,11.627,11.675,11.604,-
8/2/2016,"11,885",11.973,11.973,"11,885",-
8/1/2016,11.966,"11,926",11.966,"11,923",-
7/29/2016,11.618,11.677,11.677,11.603,-
7/28/2016,"10,581","10,572","10,581","10,561",-
7/27/2016,10.719,10.733,10.734,10.719,-
7/26/2016,"10,596","10,529","10,596","10,529",-
7/25/2016,10.612,10.634,10.634,10.612,-
7/22/2016,10.493,10.525,10.525,"10,490",-
7/21/2016,10.507,10.621,10.621,10.507,-
7/20/2016,10.379,10.353,10.385,10.353,-
7/19/2016,10.345,"10,422","10,422",10.345,-
7/18/2016,"10,565","10,492","10,574","10,492",-
7/15/2016,10.489,"10,545","10,545",10.456,-
7/14/2016,9.784,9.774,9.784,9.765,-
7/13/2016,"9,877","9,835","9,885","9,835",-
7/12/2016,9.756,"9,563",9.756,"9,563",-
7/11/2016,9.349,9.222,9.349,9.222,-
7/8/2016,8.975,9.334,9.334,"8,938",210
7/7/2016,9.113,9.138,9.138,9.111,-
7/6/2016,9.107,9.123,9.137,9.107,-
7/5/2016,9.434,9.518,9.518,9.434,-
4/7/2016,"9,622","9,630","9,639","9,622",-
7/1/2016,"9,663","9,637","9,669","9,637",-
6/30/2016,9.78,9.741,9.78,"9,704",-
6/29/2016,"9,637","9,549","9,637","9,549",-
6/28/2016,9.377,9.282,9.377,9.282,-
6/27/2016,9.474,9.527,9.527,9.433,-
6/24/2016,9.575,"9,664","9,664",9.575,-
6/23/2016,"10,346",10.172,"10,346",10.172,-
6/22/2016,10.251,10.181,10.251,10.181,-
6/21/2016,10.259,10.302,10.302,10.259,-
6/20/2016,10.158,10.209,10.209,10.158,-
6/17/2016,10.005,"9,993",10.005,"9,993",-
6/16/2016,"9,943","10,061","10,061","9,943",-
6/15/2016,10.204,10.183,10.204,10.162,-
6/14/2016,10.135,"10,201","10,201",10.135,-
6/13/2016,10.205,10.13,10.205,10.13,-
6/10/2016,"10,512","10,561","10,561","10,512",-
6/9/2016,10.627,10.715,10.715,10.627,-
6/8/2016,"10,799","10,872","10,872","10,799",-
6/7/2016,10.887,"10,957","10,957",10.887,-
6/6/2016,10.763,"10,799","10,821",10.763,123
6/3/2016,"11,242",11.282,11.282,"11,242",-
6/2/2016,11.148,11.204,11.204,"11,124",-
6/1/2016,"11,558","11,597","11,597","11,558",-
5/31/2016,"11,567",11.654,11.654,"11,567",-
5/30/2016,"11,373",11.379,11.379,"11,367",-
5/27/2016,11.247,11.325,11.325,11.247,-
5/26/2016,11.023,"11,034","11,034",11.001,-
5/25/2016,11.118,11.073,11.118,11.073,-
5/24/2016,"10,831",10.817,"10,839",10.817,-
5/23/2016,"10,879","10,942","10,942","10,879",-
5/20/2016,10.975,10.963,10.975,10.962,-
5/19/2016,10.988,"10,995","10,995","10,956",-
5/18/2016,10.696,10.657,10.696,10.657,-
5/17/2016,"10,392","10,818","10,818",10.367,140
5/13/2016,10.407,10.373,10.407,10.358,-
5/12/2016,"10,563",10.636,10.636,"10,551",-
5/11/2016,"10,588","10,563","10,591","10,563",-
5/10/2016,10.656,10.641,10.688,10.641,-
5/9/2016,"10,511","10,412","10,511","10,412",-
5/6/2016,"10,521","10,547","10,547","10,521",-
5/5/2016,"10,564",10.614,10.614,"10,564",-
5/4/2016,"10,570","10,557","10,570","10,557",-
5/3/2016,10.627,10.607,10.627,"10,588",-
5/2/2016,"10,582","10,588",10.634,"10,582",-
4/29/2016,11.024,11.01,11.07,11.01,-
4/28/2016,10.93,10.977,10.987,10.93,-
4/27/2016,11.407,"11,366",11.407,"11,366",-
4/26/2016,11.494,"11,434",11.494,"11,434",-
4/25/2016,"11,828","11,854","11,864","11,828",-
4/22/2016,"11,534",12.006,12.006,"11,534",363
4/21/2016,"11,312","11,373","11,373","11,312",-
4/20/2016,11.2,11.2,11.2,11.2,500
4/19/2016,"11,027",10.981,11.051,10.981,-
4/18/2016,"10,481","10,370","10,481","10,370",-
4/15/2016,"10,997",11.021,11.021,"10,995",-
4/14/2016,"11,081","11,150",11.161,"11,081",-
4/13/2016,"10,564","10,597","10,597","10,558",-
4/12/2016,10.152,10.131,10.152,10.098,-
4/11/2016,"9,852","9,841","9,853","9,841",-
4/8/2016,"9,946","9,887","9,946","9,848",-
4/7/2016,9.71,"9,822","9,822",9.71,-
4/6/2016,9.808,"9,831","9,831",9.808,-
4/5/2016,"9,958",9.976,9.981,"9,958",-
4/4/2016,10.097,10.161,10.161,10.097,-
4/1/2016,"10,082","10,067","10,082",10.035,-
31-Mar-16,10.676,"10,482",10.676,"10,482",10
3/30/2016,10.403,10.353,10.403,10.353,-
3/29/2016,10.744,10.788,10.788,10.744,-
24-Mar-16,"10,597",10.609,10.609,"10,596",-
3/23/2016,10.629,10.625,10.629,10.604,-
3/22/2016,10.725,10.767,"10,799",10.725,-
3/21/2016,10.727,10.723,10.742,10.723,-
3/18/2016,10.726,"10,703",10.74,"10,703",-
3/17/2016,10.983,10.969,10.983,10.961,-
16-Mar-16,11.004,"10,994",11.004,10.979,-
3/15/2016,"11,383","11,419","11,419","11,383",-
3/14/2016,11.615,11.679,11.679,11.615,-
3/11/2016,"10,707",10.71,10.721,"10,707",-
3/10/2016,"10,992",10.853,"11,026",10.853,-
3/9/2016,"11,160",11.084,11.175,11.084,148
3/8/2016,"11,340","11,364","11,364","11,340",-
07.03.2016,"11,480","11,499","11,516","11,480",-
3/4/2016,"11,660","11,588",11.664,"11,588",-
3/3/2016,11.853,11.825,11.853,11.825,-
02.03.2016,"11,337",11.379,11.379,"11,312",-
3/1/2016,"10,827",10.773,"10,827",10.773,-
2/29/2016,10.905,10.99,10.99,10.905,-
2/26/2016,10.691,10.711,10.725,10.691,-
2/25/2016,10.498,"10,444",10.507,"10,444",-
2/24/2016,"10,320",10.389,10.389,"10,320",-
2/23/2016,"10,410","10,434",10.456,"10,410",-
2/22/2016,10.267,"10,329","10,329",10.267,-
2/19/2016,10.265,10.295,10.298,10.265,50
2/18/2016,"10,518","10,587","10,587","10,518",-
2/17/2016,10.279,10.247,10.279,10.247,-
2/16/2016,"10,562",10.644,10.644,"10,562",-
2/15/2016,10.338,"10,337",10.359,"10,337",-
2/12/2016,9.263,9.262,9.263,9.252,-
2/11/2016,9.807,9.816,"9,880",9.807,-
2/10/2016,9.625,9.734,9.734,9.625,-
2/9/2016,"9,901",10.265,10.265,9.875,450
2/8/2016,10.153,10.298,10.298,10.153,-
2/5/2016,10.133,10.161,10.161,10.133,-
2/4/2016,10.454,"10,439",10.454,10.426,-
2/3/2016,10.676,"10,706","10,706",10.675,-
2/2/2016,"11,062",11.098,11.098,11.044,-
2/1/2016,"10,898","10,883",10.906,"10,883",-
1/29/2016,12.235,12.289,12.289,12.223,-
1/28/2016,12.817,12.739,12.817,12.739,-
1/27/2016,"13,124",13.075,13.129,13.075,-
1/26/2016,"12,829",12.776,"12,829",12.776,-
1/25/2016,13.091,"13,082",13.119,"13,082",-
1/22/2016,13.094,13.054,13.094,"13,041",-
1/21/2016,12.358,"12,363","12,363",12.358,-
1/20/2016,12.691,12.771,12.771,12.691,-
1/19/2016,"13,154",13.128,"13,154",13.128,-
1/18/2016,"13,150","13,136","13,150","13,122",-
15-Jan-16,"13,343","13,346","13,353","13,343",-
1/14/2016,13.636,13.636,13.636,"13,580",-
13/01/2016,14.063,14.024,14.063,14.024,-
1/12/2016,13.678,"13,681","13,681",13.667,-
1/11/2016,14.273,14.3,14.316,14.258,-
1/8/2016,"14,196",14.249,14.249,14.185,-
7/1/2016,"14,435",14.39,"14,435",14.39,-
1/6/2016,14.889,"14,879",14.912,"14,879",-
5/1/2016,15.019,"15,189","15,189",15.019,
4/1/2016,15.111,15.261,15.261,15.111,
